,Episode End Value,action,Nepse Data,Stock price,Normal Investor 
0,20000,1,1766.91,1333.13838094121,20000.0012142958
1,20000,1,1730.64,1291.90729699457,19381.4444757092
2,20000,1,1757.07,1289.50215043102,19345.3619992917
3,20000,1,1753.72,1285.03544967014,19278.351685945
4,20000,1,1749.1,1271.63534738748,19077.3207459043
5,20000,1,1753.38,1254.45572907638,18819.5887714933
6,20000,1,1763.78,1322.83060995455,19845.3620296491
7,20000,0,1780.4,1350.31799925231,20257.7331887068
8,20000,1,1798.5,1404.60559311538,21072.1662278457
9,20000,1,1806.6,1391.54908319894,20876.2899272932
10,20000,1,1819.88,1408.72870151004,21134.0219017043
11,20000,1,1803.74,1391.54908319894,20876.2899272932
12,20000,1,1793.36,1374.36946488785,20618.5579528823
13,20000,1,1792.7,1378.49257328251,20680.4136267409
14,20000,1,1787.89,1370.93354122563,20567.0115580001
15,20000,1,1794.47,1408.72870151004,21134.0219017043
16,20000,1,1782.39,1389.83112136783,20850.5167298521
17,20000,1,1768.89,1381.24131221229,20721.6507426467
18,20000,1,1751,1340.01022826565,20103.0940040602
19,20000,1,1753.46,1356.84625421053,20355.6713389831
20,20000,1,1759.71,1350.31799925231,20257.7331887068
21,20000,1,1762.21,1336.57430460343,20051.547609178
22,20000,1,1749.12,1323.86138705322,19860.8259481139
23,20000,1,1724.49,1293.62525882568,19407.2176731503
24,20000,1,1696.86,1271.29175502126,19072.1661064161
25,20000,1,1697.17,1271.29175502126,19072.1661064161
26,20000,0,1700,1278.1636023457,19175.2588961805
27,20000,1,1706.28,1271.29175502126,19072.1661064161
28,20000,1,1701.91,1271.29175502126,19072.1661064161
29,20000,1,1698.9,1271.29175502126,19072.1661064161
30,20000,1,1658.08,1236.93251839906,18556.702157594
31,20000,1,1599.62,1164.77812149245,17474.2278650677
32,20000,1,1606.29,1178.17822377511,17675.2588051084
33,20000,1,1582.47,1150.34724211113,17257.7330065625
34,20000,1,1540.01,1113.23926655916,16701.0319418347
35,20000,1,1534.03,1082.31595359918,16237.1143878948
36,20000,1,1469.48,1013.59748035479,15206.1864902507
37,20000,1,1510.16,1013.59748035479,15206.1864902507
38,20000,1,1553.68,1068.5722589503,16030.9288083659
39,20000,1,1608.33,1099.49557191027,16494.8463623057
40,20000,1,1600.49,1082.6595459654,16242.269027383
41,20000,2,1570.95,1035.24379942677,15530.9287780086
42,20940.0687139832,1,1544.6,1015.65903455212,15237.11432718
43,20705.0515354874,2,1554.51,1065.13633528808,15979.3824134837
44,20483.090866908,1,1553.9,1052.76701010409,15793.8153919078
45,20124.0368442062,1,1544.68,1041.08486965254,15618.5576493083
46,20019.5847648745,1,1522.8,1022.18728951034,15335.0524774562
47,19947.7739603342,1,1509.43,1016.68981165078,15252.5782456446
48,19954.3022152924,0,1516.08,1012.91029562234,15195.8772112742
49,19954.3022152924,1,1530.06,1013.25388798856,15201.0318507624
50,19954.3022152924,1,1531.35,1022.18728951034,15335.0524774562
51,19954.3022152924,1,1514.88,1008.44359486146,15128.8668979274
52,19954.3022152924,1,1495.99,992.981938381472,14896.9081209575
53,19954.3022152924,1,1470.63,962.058625421496,14432.9905670176
54,19954.3022152924,1,1475.41,968.930472745929,14536.0833567819
55,19954.3022152924,1,1432.57,927.6993887993,13917.5266181956
56,19954.3022152924,1,1407.53,920.827541474859,13814.4338284311
57,19954.3022152924,1,1413.15,910.863362854421,13664.9492832727
58,19954.3022152924,1,1443.38,962.058625421496,14432.9905670176
59,19954.3022152924,1,1465.72,944.191822377947,14164.9493136301
60,19954.3022152924,1,1482.85,934.571236123733,14020.6194079599
61,19954.3022152924,1,1456.82,898.494037670426,13479.3822616967
62,19954.3022152924,1,1457.82,917.391617812638,13762.8874335489
63,19954.3022152924,1,1454.14,910.519770488197,13659.7946437845
64,19954.3022152924,1,1447.45,911.894139953084,13680.4132017373
65,19954.3022152924,1,1458.97,952.781631533498,14293.8153008356
66,19954.3022152924,1,1476.9,989.546014719252,14845.3617260753
67,19954.3022152924,2,1476.51,979.23824373259,14690.7225414286
68,19713.787558937,1,1479.86,975.80232007037,14639.1761465464
69,19335.8359560929,1,1477.72,963.776587252599,14458.7637644586
70,19129.6805363596,1,1466.09,944.879007110394,14175.2585926065
71,19267.1174828485,1,1463.04,934.571236123733,14020.6194079599
72,19260.245635524,1,1462.23,941.443083448174,14123.7121977243
73,18985.3717425465,1,1462.56,941.09949108195,14118.5575582361
74,18717.3696968933,1,1465.84,927.355796433076,13912.3719787073
75,18449.3676512402,1,1457.88,913.955694150418,13711.3410386667
76,17720.9518348497,1,1432.99,900.55559186776,13510.3100986261
77,17617.8741249831,1,1396.61,864.134801048237,12963.9183128748
78,15934.2715304954,1,1375.14,858.980915554906,12886.5987205514
79,16209.145423473,0,1309.7,774.800785830521,11623.7120459373
80,16209.145423473,1,1326.6,788.544480479403,11829.8976254662
81,16209.145423473,1,1389.83,824.62167893271,12371.1347717294
82,16209.145423473,1,1382.45,816.031869777159,12242.2687845238
83,16209.145423473,1,1364.5,802.288175128277,12036.083204995
84,16209.145423473,1,1348.84,785.108556817183,11778.351230584
85,16209.145423473,1,1344.6,788.544480479403,11829.8976254662
86,16209.145423473,1,1322.98,774.113601098082,11613.402766961
87,16209.145423473,1,1296.23,755.903205688315,11340.2068740852
88,16209.145423473,1,1252.5,718.1080454039,10773.196530381
89,16209.145423473,1,1278.98,753.498059124762,11304.1243976677
90,16209.145423473,1,1274.97,719.138822502566,10788.6604488456
91,16209.145423473,1,1316.8,761.057091181645,11417.5264664086
92,16209.145423473,1,1343.85,779.954671323852,11701.0316382607
93,16209.145423473,1,1369.35,807.442060621608,12113.4027973183
94,16209.145423473,1,1365.11,802.288175128277,12036.083204995
95,16209.145423473,1,1357.57,783.390594986072,11752.5780331429
96,16209.145423473,1,1344.11,773.426416365635,11603.0934879845
97,16209.145423473,1,1337.46,771.364862168301,11572.1656510551
98,16209.145423473,1,1313.01,751.43650492743,11273.1965607384
99,16209.145423473,1,1299.29,743.877472870547,11159.7944919975
100,16209.145423473,1,1316.8,778.236709492742,11675.2584408196
101,16209.145423473,1,1329.41,793.35477360651,11902.0625783013
102,16209.145423473,1,1354.34,829.77556442604,12448.4543640527
103,16209.145423473,1,1358.41,835.616634651811,12536.0832353524
104,16209.145423473,1,1341.6,831.493526257151,12474.2275614938
105,16209.145423473,1,1347.53,829.77556442604,12448.4543640527
106,16209.145423473,1,1355.23,852.291471100279,12786.2423741075
107,16209.145423473,1,1347.09,864.467063544568,12968.9029794518
108,16209.145423473,1,1356.13,858.589191330083,12880.7219975614
109,16209.145423473,1,1357.34,863.207519498607,12950.007054761
110,16209.145423473,1,1382.19,917.787761490251,13768.830458029
111,16209.145423473,1,1424.38,995.039796309192,14927.7805057314
112,16209.145423473,1,1462.23,986.642836002785,14801.8076744594
113,16209.145423473,1,1481.08,986.642836002785,14801.8076744594
114,16209.145423473,2,1486.04,982.444355849582,14738.8212588234
115,17404.8725711053,1,1533.83,995.879492339833,14940.3777888586
116,17068.9941588491,1,1610.62,1070.61243906685,16061.5359871793
117,17223.4982284869,1,1588.29,1049.62003830084,15746.6039089994
118,18607.3172869827,1,1587.64,1059.2765426532,15891.4726649621
119,17579.5293454786,1,1667.11,1145.76523380919,17188.9928270636
120,17438.4604123309,1,1660.52,1081.52848746518,16225.3006678329
121,17068.9941588491,1,1657.02,1072.71167914345,16093.0291949972
122,16894.3373844759,1,1651.04,1049.62003830084,15746.6039089994
123,17404.8725711053,1,1651.6,1038.70398990251,15582.8392283458
124,17371.2847298797,1,1676.49,1070.61243906685,16061.5359871793
125,17001.8184763978,2,1709.82,1068.51319899025,16030.0427793613
126,17001.8184763978,0,1703.07,1045.42155814763,15683.6174933633
127,17001.8184763978,1,1697.13,1045.42155814763,15683.6174933633
128,17001.8184763978,1,1651.61,1004.69630066156,15072.6492616942
129,17001.8184763978,1,1612.04,1003.4367566156,15053.7533370034
130,17001.8184763978,1,1662.02,1003.4367566156,15053.7533370034
131,17001.8184763978,0,1658.34,999.238276462396,14990.7669213674
132,17001.8184763978,1,1693.72,1026.52839745822,15400.1786230014
133,17001.8184763978,1,1675.78,1003.4367566156,15053.7533370034
134,17001.8184763978,1,1672.38,986.642836002785,14801.8076744594
135,17001.8184763978,2,1670.3,957.253474930362,14360.9027650074
136,16744.8714910217,1,1670.62,957.673322945682,14367.201406571
137,17101.742304044,1,1650.78,942.55879439415,14140.4503102814
138,17422.9260357641,1,1658.33,963.551195160167,14455.3823884614
139,17351.5518731596,1,1662.38,982.444355849582,14738.8212588234
140,17094.6048877836,1,1653.18,978.245875696379,14675.8348431874
141,17066.0552227418,2,1628.98,963.131347144847,14449.0837468978
142,17137.4293853463,1,1637.3,961.451955083565,14423.8891806434
143,17016.0933089187,2,1650.81,965.650435236769,14486.8755962794
144,17030.3681414396,1,1658.58,958.513018976323,14379.7986896982
145,16966.1313950956,1,1659.23,959.352715006964,14392.3959728254
146,16923.3068975329,1,1649.24,955.574082869081,14335.708198753
147,16880.4823999702,1,1644.26,953.054994777159,14297.9163493714
148,16502.1993381666,1,1643.87,950.535906685237,14260.1244999898
149,16395.1380942599,1,1627.24,928.283961873259,13926.296497119
150,16195.2904389674,0,1616.4,921.986241643454,13831.816873665
151,16195.2904389674,1,1604.31,910.230497214485,13655.4549098842
152,16195.2904389674,1,1593.81,898.894600800836,13485.391587667
153,16195.2904389674,1,1602.65,890.917488509749,13365.7173979586
154,16195.2904389674,1,1637.37,908.970953168524,13636.5589851934
155,16195.2904389674,1,1623.13,911.909889275766,13680.6494761386
156,16195.2904389674,1,1615.19,904.77247301532,13573.5725695574
157,16195.2904389674,1,1590.49,890.497640494429,13359.418756395
158,16195.2904389674,1,1580.52,881.260984157382,13220.8486419958
159,16195.2904389674,1,1585.15,882.520528203342,13239.7445666866
160,16195.2904389674,1,1584.49,881.680832172702,13227.1472835594
161,16195.2904389674,1,1589.59,885.459464310585,13283.8350576318
162,16195.2904389674,1,1575.98,877.482352019499,13164.1608679234
163,16195.2904389674,0,1555.16,869.925087743732,13050.7853197786
164,16195.2904389674,1,1551.07,859.428887360724,12893.3192806886
165,16195.2904389674,1,1554.69,861.108279422006,12918.5138469431
166,16195.2904389674,1,1559.49,858.589191330083,12880.7219975614
167,16195.2904389674,1,1567.72,869.085391713092,13038.1880366514
168,16195.2904389674,1,1565.09,871.184631789694,13069.6812444694
169,16195.2904389674,1,1563.81,858.589191330083,12880.7219975614
170,16195.2904389674,0,1541.82,841.79527071727,12628.7763350175
171,16195.2904389674,1,1544.29,850.192231023677,12754.7491662895
172,16195.2904389674,1,1541.28,839.696030640669,12597.2831271995
173,16195.2904389674,1,1551.06,860.268583391365,12905.9165638158
174,16195.2904389674,1,1582.11,911.070193245125,13668.0521930114
175,16195.2904389674,1,1584.15,914.428977367688,13718.4413255202
176,16195.2904389674,1,1575.22,898.894600800836,13485.391587667
177,16195.2904389674,1,1575.22,898.894600800836,13485.391587667
178,16195.2904389674,1,1585.01,906.871713091922,13605.0657773754
179,16195.2904389674,1,1587.25,908.551105153203,13630.2603436298
180,16195.2904389674,1,1582.67,901.833536908078,13529.4820786122
181,16195.2904389674,1,1583.57,902.673232938719,13542.0793617394
182,16195.2904389674,1,1604.15,910.230497214485,13655.4549098842
183,16195.2904389674,1,1638.41,954.31453882312,14316.8122740622
184,16195.2904389674,1,1637.27,953.894690807799,14310.5136324986
185,16195.2904389674,1,1635.75,953.894690807799,14310.5136324986
186,16195.2904389674,1,1635.56,966.490131267409,14499.4728794066
187,16195.2904389674,1,1629.08,970.268763405293,14556.160653479
188,16195.2904389674,1,1636.19,969.848915389972,14549.8620119154
189,16195.2904389674,1,1645.03,978.245875696379,14675.8348431874
190,16195.2904389674,1,1646.53,970.688611420613,14562.4592950426
191,16195.2904389674,1,1643.28,965.650435236769,14486.8755962794
192,16195.2904389674,1,1652.69,964.390891190808,14467.9796715886
193,16195.2904389674,1,1660.25,955.15423485376,14329.4095571894
194,16195.2904389674,1,1662.74,955.15423485376,14329.4095571894
195,16195.2904389674,1,1665.05,936.680922179666,14052.269328391
196,16195.2904389674,2,1667.94,938.780162256267,14083.762536209
197,16123.916276363,1,1661.72,934.161834087744,14014.4774790094
198,15866.9692909869,1,1653.53,929.96335393454,13951.4910633734
199,15659.984219434,1,1642.13,914.848825383008,13724.7399670838
200,15724.220965778,1,1629.16,902.673232938719,13542.0793617394
201,15659.984219434,1,1632.66,906.451865076602,13598.7671358118
202,15610.0223056109,1,1629.75,902.673232938719,13542.0793617394
203,15517.2358942251,1,1617.97,899.734296831476,13497.9888707942
204,15495.8236454438,1,1611.57,894.276272632312,13416.1065304674
205,15502.9610617042,1,1614.05,893.016728586351,13397.2106057766
206,15552.9229755273,1,1611.27,893.436576601671,13403.5092473402
207,15495.8236454438,1,1617.81,896.375512708914,13447.5997382854
208,15438.7243153602,1,1622.32,893.016728586351,13397.2106057766
209,15231.7392438073,1,1612.91,889.657944463788,13346.8214732678
210,15017.6167559939,1,1598.36,877.482352019499,13164.1608679234
211,14874.868430785,1,1580.03,864.886911559888,12975.2016210154
212,14946.2425933894,1,1554.56,856.489951253482,12849.2287897435
213,14817.7691007014,1,1566.5,860.688431406685,12912.2152053794
214,14482.3105364605,1,1554.55,853.131167130919,12798.8396572346
215,14625.0588616694,1,1519.66,833.398310410863,12502.8035037455
216,14375.2492925538,1,1523.26,841.79527071727,12628.7763350175
217,14368.1118762933,1,1502.2,827.100590181058,12408.3238802915
218,14510.8602015023,1,1493.2,826.680742165738,12402.0252387279
219,14632.1962779298,1,1530.31,835.077702472145,12527.9980699999
220,14532.2724502836,1,1547.94,842.215118732591,12635.0749765811
221,14517.9976177627,1,1543.7,836.337246518106,12546.8939946907
222,14589.3717803672,1,1539.81,835.497550487465,12534.2967115635
223,14560.8221153254,1,1536.92,839.696030640669,12597.2831271995
224,14589.3717803672,1,1545.44,838.016638579387,12572.0885609451
225,14603.646612888,2,1549.46,839.696030640669,12597.2831271995
226,14517.9976177627,1,1556.35,840.535726671309,12609.8804103267
227,14182.5390535217,1,1542.65,835.497550487465,12534.2967115635
228,14232.5009673449,1,1510.01,815.764693767409,12238.2605580743
229,14375.2492925538,1,1501.89,818.703629874652,12282.3510490195
230,14389.5241250747,1,1502.63,827.100590181058,12408.3238802915
231,14503.7227852418,1,1505.99,827.940286211699,12420.9211634187
232,14360.9744600329,1,1510.02,834.657854456825,12521.6994284363
233,14753.5323543574,1,1518.28,826.260894150418,12395.7265971643
234,14617.9214454089,1,1564.9,849.352534993036,12742.1518831622
235,14710.7078567947,1,1559.18,841.37542270195,12622.4776934539
236,14696.4330242739,1,1568.35,846.833446901114,12704.3600337807
237,14517.9976177627,1,1571.92,845.993750870474,12691.7627506535
238,14517.9976177627,1,1568.3,835.497550487465,12534.2967115635
239,14389.5241250747,1,1567.64,835.497550487465,12534.2967115635
240,14289.6002974284,1,1553.66,827.940286211699,12420.9211634187
241,14268.1880486471,1,1540.23,822.062413997215,12332.7401815283
242,14303.8751299493,2,1536.72,820.802869951253,12313.8442568375
243,14175.4016372613,1,1533.53,822.902110027855,12345.3374646555
244,14104.0274746569,1,1526.51,815.344845752089,12231.9619165107
245,13947.004316927,1,1522.81,811.146365598886,12168.9755008747
246,13932.7294844062,1,1496.46,801.909709261838,12030.4053864755
247,13861.3553218017,1,1493.42,801.070013231198,12017.8081033483
248,13554.4464226025,1,1484.45,796.871533077994,11954.8216877123
249,13590.1335039048,1,1466.62,778.81806841922,11683.9801004775
250,13682.9199152906,1,1460.73,780.917308495822,11715.4733082955
251,13839.9430730204,1,1477.14,786.375332694986,11797.3556486223
252,13875.6301543226,1,1490.88,795.611989032033,11935.9257630215
253,13740.0192453741,1,1516.02,797.711229108635,11967.4189708395
254,13825.6682404995,1,1504.79,789.734116817549,11847.7447811311
255,13704.3321640719,1,1489.06,794.772293001393,11923.3284798943
256,13797.1185754577,1,1475.72,787.634876740947,11816.2515733131
257,13804.2559917181,1,1469.16,793.092900940111,11898.1339136399
258,13947.004316927,1,1472.24,793.512748955432,11904.4325552035
259,13947.004316927,1,1480.26,801.909709261838,12030.4053864755
260,13947.004316927,1,1493.29,801.909709261838,12030.4053864755
261,13975.5539819688,1,1514.34,801.909709261838,12030.4053864755
262,13875.6301543226,1,1513.74,803.58910132312,12055.5999527299
263,14018.3784795315,1,1523.86,797.711229108635,11967.4189708395
264,13889.9049868435,1,1536.12,806.108189415042,12093.3918021115
265,13804.2559917181,1,1537.67,798.550925139276,11980.0162539667
266,13804.2559917181,1,1526.77,793.512748955432,11904.4325552035
267,13861.3553218017,1,1524.87,793.512748955432,11904.4325552035
268,13847.0804892808,1,1536.54,796.871533077994,11954.8216877123
269,13782.8437429368,1,1530.49,796.031837047354,11942.2244045851
270,13718.6069965928,1,1527.75,792.253204909471,11885.5366305127
271,13682.9199152906,1,1510.21,788.474572771588,11828.8488564403
272,13732.8818291137,1,1520.74,786.375332694986,11797.3556486223
273,13582.9960876443,1,1520.15,789.314268802228,11841.4461395675
274,13554.4464226025,1,1509.14,780.497460480501,11709.1746667319
275,13490.2096762585,1,1508.25,778.81806841922,11683.9801004775
276,13475.9348437376,1,1493.76,775.039436281337,11627.2923264051
277,13304.6368534869,1,1484.47,774.199740250696,11614.6950432779
278,13197.5756095802,1,1472.15,764.123387883008,11463.5276457515
279,13061.9647006318,1,1467.68,757.825667653203,11369.0480222975
280,12819.2925477766,1,1447.04,749.848555362117,11249.3738325891
281,12812.1551315162,1,1425.51,735.573722841226,11035.2200194267
282,12598.0326437028,1,1414.78,735.153874825905,11028.9213778631
283,12869.2544615998,1,1390.58,722.558434366295,10839.9621309551
284,12733.6435526513,1,1434.8,738.512658948468,11079.3105103719
285,12590.8952274424,1,1437.24,730.535546657382,10959.6363206635
286,12662.2693900468,1,1416.61,722.138586350975,10833.6634893915
287,13318.9116860078,1,1423.83,726.337066504178,10896.6499050275
288,13697.1947478115,1,1431.8,764.963083913649,11476.1249288787
289,13725.7444128532,1,1443.8,787.215028725627,11809.9529317495
290,13311.7742697474,1,1456.07,788.894420786908,11835.1474980039
291,13061.9647006318,0,1440.29,764.543235898329,11469.8262873151
292,13061.9647006318,1,1431.1,749.848555362117,11249.3738325891
293,13061.9647006318,2,1413.71,755.306579561281,11331.2561729159
294,12969.178289246,1,1406.52,751.527947423398,11274.5683988435
295,12933.4912079438,1,1402.67,746.069923224234,11192.6860585167
296,13019.1402030691,1,1402.09,743.970683147632,11161.1928506987
297,12919.2163754229,1,1393.04,749.008859331476,11236.7765494619
298,13040.5524518505,1,1394.73,743.130987116992,11148.5955675715
299,13012.0027868087,1,1404.53,750.268403377437,11255.6724741527
300,13061.9647006318,1,1405.95,748.589011316156,11230.4779078983
301,13133.3388632363,1,1402.23,751.527947423398,11274.5683988435
302,13097.651781934,1,1404.49,755.726427576602,11337.5548144795
303,13033.41503559,1,1411.52,753.6271875,11306.0616066615
304,12847.8422128184,1,1410.51,749.848555362117,11249.3738325891
305,12919.2163754229,1,1400.05,738.932506963788,11085.6091519355
306,12847.8422128184,0,1394.03,743.130987116992,11148.5955675715
307,12847.8422128184,1,1382.02,738.932506963788,11085.6091519355
308,12847.8422128184,1,1391.03,743.970683147632,11161.1928506987
309,12847.8422128184,1,1384.71,745.230227193593,11180.0887753895
310,12847.8422128184,1,1380.29,747.329467270195,11211.5819832075
311,12847.8422128184,1,1388.94,747.329467270195,11211.5819832075
312,12847.8422128184,1,1424.95,765.80277994429,11488.7222120059
313,12847.8422128184,1,1413.9,751.947795438719,11280.8670404071
314,12847.8422128184,1,1396.72,745.230227193593,11180.0887753895
315,12847.8422128184,1,1387.08,743.970683147632,11161.1928506987
316,12847.8422128184,1,1386.98,739.772202994429,11098.2064350627
317,12847.8422128184,1,1374.73,740.192051009749,11104.5050766263
318,12847.8422128184,1,1358.95,749.008859331476,11236.7765494619
319,12847.8422128184,0,1364.81,751.527947423398,11274.5683988435
320,12847.8422128184,1,1345.99,745.230227193593,11180.0887753895
321,12847.8422128184,1,1304.43,721.718738335655,10827.3648478279
322,12847.8422128184,1,1287.74,722.978282381616,10846.2607725187
323,12847.8422128184,1,1296.44,729.276002611421,10940.7403959727
324,12847.8422128184,1,1315.13,747.329467270195,11211.5819832075
325,12847.8422128184,2,1284.09,722.138586350975,10833.6634893915
326,12812.1551315162,1,1277.01,724.237826427577,10865.1566972095
327,12847.8422128184,1,1281.9,722.138586350975,10833.6634893915
328,12847.8422128184,1,1285.96,724.237826427577,10865.1566972095
329,12840.704796558,1,1288.36,724.237826427577,10865.1566972095
330,12776.4680502139,1,1278.96,723.817978412256,10858.8580556459
331,12526.6584810984,2,1270.52,720.039346274373,10802.1702815735
332,12084.1386729507,2,1255.47,705.344665738162,10581.7178268476
333,11955.6651802627,2,1231.07,679.314088788301,10191.2020499044
334,11563.1072859382,2,1220.44,671.756824512535,10077.8265017596
335,11848.603936356,2,1168.55,648.665183669916,9731.40121576157
336,11953.3975341116,2,1207.71,665.45910428273,9983.34687830558
337,11953.3975341116,2,1204.81,671.623433562473,10075.8253447894
338,11496.6935992892,2,1220.29,671.623433562473,10075.8253447894
339,11434.4157899952,2,1196.24,644.758496219974,9672.79233099783
340,11330.6194411719,2,1192.96,641.09509567327,9617.83328366262
341,11693.9066620534,2,1199,634.989428095428,9526.23487143724
342,12160.9902317582,2,1226.45,656.359264617871,9846.829314226
343,12700.7312456393,2,1250.39,683.834768718154,10259.0221692401
344,12742.2497851687,1,1294.65,715.584240122925,10735.333912812
345,12628.073801463,1,1287.78,718.026507154062,10771.9732777021
346,12534.6570875221,2,1270.23,711.310272818437,10671.2150242542
347,12524.2774526397,2,1273.33,705.81517199838,10588.7764532514
348,12534.6570875221,2,1277.55,705.204605240596,10579.6166120289
349,12783.768324698,2,1280.15,705.81517199838,10588.7764532514
350,13084.7777362855,1,1297.57,720.468774185198,10808.6126425923
351,12991.3610223446,1,1331.18,738.175210160936,11074.2480380458
352,12991.3610223446,1,1363.08,732.680109340879,10991.809467043
353,13302.7500688144,1,1388.31,732.680109340879,10991.809467043
354,13147.0555455795,1,1438.49,750.997112074401,11266.6047037191
355,12991.3610223446,1,1410.85,741.838610707641,11129.207085381
356,12877.1850386389,1,1394.86,732.680109340879,10991.809467043
357,12628.073801463,1,1386.47,725.963875005255,10891.0512135951
358,12638.4534363454,1,1357.22,711.310272818437,10671.2150242542
359,12628.073801463,1,1349.01,711.920839576221,10680.3748654768
360,12783.768324698,1,1360.38,711.310272818437,10671.2150242542
361,12617.6941665807,1,1366.15,720.468774185198,10808.6126425923
362,12576.1756270514,1,1353.64,710.699706060653,10662.0551830317
363,12763.0090549333,1,1345.37,708.257439029517,10625.4158181416
364,12679.9719758747,1,1361.02,719.24764066963,10790.2929601472
365,12638.4534363454,1,1356.15,714.363106607358,10717.0142303669
366,12576.1756270514,1,1348.45,711.920839576221,10680.3748654768
367,12524.2774526397,1,1338.17,708.257439029517,10625.4158181416
368,12472.3792782281,1,1333.85,705.204605240596,10579.6166120289
369,12524.2774526397,1,1338.01,702.151771451676,10533.8174059162
370,12565.7959921691,0,1339.65,705.204605240596,10579.6166120289
371,12565.7959921691,1,1339.19,707.646872271733,10616.255976919
372,12565.7959921691,1,1336.13,705.81517199838,10588.7764532514
373,12565.7959921691,1,1332.82,703.983471725028,10561.2969295838
374,12565.7959921691,1,1328.27,699.70950442054,10497.1780410261
375,12565.7959921691,1,1318.22,699.70950442054,10497.1780410261
376,12565.7959921691,1,1300.41,687.498169264858,10313.9812165753
377,12565.7959921691,1,1336.39,702.151771451676,10533.8174059162
378,12565.7959921691,1,1327.21,697.877804147187,10469.6985173584
379,12565.7959921691,1,1322.27,699.098937662756,10488.0181998035
380,12565.7959921691,1,1307.66,690.551003053779,10359.780422688
381,12565.7959921691,1,1273.95,670.402300046904,10057.5056623443
382,12565.7959921691,1,1268.84,656.359264617871,9846.829314226
383,12565.7959921691,0,1282.75,669.181166531336,10039.1859798992
384,12565.7959921691,1,1257.07,650.253597040031,9755.23090200066
385,12565.7959921691,2,1231.64,629.494327275372,9443.79630043443
386,12519.3929185775,2,1241.19,631.936594306508,9480.43566532457
387,12496.1913817817,2,1239.26,629.494327275372,9443.79630043443
388,12449.7883081901,2,1242.07,628.273193759804,9425.47661798936
389,12356.9821610069,2,1247.3,625.830926728668,9388.83725309922
390,12322.1798558132,2,1233.23,620.946392666395,9315.55852331892
391,12240.974477028,2,1235.15,619.114692393043,9288.07899965132
392,12217.7729402322,2,1226.18,614.840725088555,9223.96011109358
393,12240.974477028,2,1217.84,613.619591572986,9205.64042864849
394,12322.1798558132,2,1218.46,614.840725088555,9223.96011109358
395,12194.5714034364,2,1219.81,619.114692393043,9288.07899965132
396,12159.7690982427,1,1210.09,612.398458057419,9187.32074620344
397,12159.7690982427,2,1194.8,610.566757784066,9159.84122253582
398,12124.966793049,2,1199.42,610.566757784066,9159.84122253582
399,12066.9629510595,2,1198.54,608.735057510714,9132.36169886821
400,12055.3621826616,2,1184.53,605.682223721794,9086.56249275554
401,12090.1644878553,2,1179.71,605.07165696401,9077.402651533
402,12252.5752454259,2,1180.36,606.903357237361,9104.88217520059
403,12647.0013709544,2,1188.4,615.451291846339,9233.11995231611
404,12670.2029077502,2,1224.41,636.210561610997,9544.55455388232
405,12519.3929185775,2,1224.39,637.431695126565,9562.87423632739
406,12449.7883081901,2,1206.43,629.494327275372,9443.79630043443
407,12449.7883081901,2,1205.93,625.830926728668,9388.83725309922
408,12159.7690982427,2,1205.64,625.830926728668,9388.83725309922
409,12449.7883081901,2,1191.98,610.566757784066,9159.84122253582
410,12739.8075181375,2,1200.09,625.830926728668,9388.83725309922
411,12577.396760567,2,1212.36,641.09509567327,9617.83328366262
412,12414.9860029964,2,1204.31,632.547161064293,9489.59550654711
413,12391.7844662006,2,1198.77,623.999226455315,9361.3577294316
414,12333.7806242111,2,1193.39,622.778092939748,9343.03804698654
415,12345.381392609,2,1181.66,619.725259150827,9297.23884087385
416,12449.7883081901,2,1194.5,620.335825908611,9306.39868209639
417,12368.5829294048,2,1199.27,625.830926728668,9388.83725309922
418,12275.7767822217,0,1194.35,621.55695942418,9324.71836454147
419,12275.7767822216,2,1191.2,616.672425361907,9251.43963476118
420,12206.1721718343,2,1194.82,619.725259150827,9297.23884087385
421,12159.7690982427,2,1194.38,616.061858604123,9242.27979353864
422,12240.974477028,2,1191.47,613.619591572986,9205.64042864849
423,12229.3737086301,2,1193.87,617.893558877475,9269.75931720625
424,12240.974477028,0,1191.31,617.282992119691,9260.59947598371
425,12240.974477028,2,1189.88,617.893558877475,9269.75931720625
426,12206.1721718343,0,1189.67,613.619591572986,9205.64042864849
427,12206.1721718343,2,1188.21,611.787891299635,9178.1609049809
428,11823.3468147037,0,1187.32,610.566757784066,9159.84122253582
429,11823.3468147037,2,1180.63,590.418054777192,8857.56646219214
430,12297.7571855019,0,1163.94,555.615749583501,8335.45551250761
431,12297.7571855019,2,1174.37,578.20671962151,8674.36963774141
432,12477.2638122904,0,1180.98,577.596152863727,8665.20979651889
433,12477.2638122904,2,1209.71,586.144087472703,8793.44757363438
434,12464.4419103769,0,1210.32,583.701820441568,8756.80820874425
435,12464.4419103769,2,1196.29,583.091253683784,8747.64836752172
436,12413.154302723,0,1188.07,573.322185559238,8601.09090796113
437,12413.154302723,2,1183.89,570.879918528102,8564.45154307099
438,12345.9919593668,0,1182.42,561.721417161341,8427.05392473295
439,12345.9919593668,2,1178.5,558.668583372421,8381.25471862028
440,12157.9373979693,0,1175.72,558.668583372421,8381.25471862028
441,12157.9373979693,2,1177.09,550.120648763443,8253.01694150476
442,12211.6672726543,0,1172.3,550.731215521228,8262.17678272731
443,12211.6672726543,2,1181.69,553.173482552364,8298.81614761745
444,12278.8296160105,0,1190.28,546.457248216739,8198.05789416956
445,12278.8296160105,2,1206.26,549.510082005659,8243.85710028223
446,12507.1815834218,0,1210.24,549.510082005659,8243.85710028223
447,12507.1815834218,2,1234.13,559.889716887989,8399.57440106535
448,12386.2893653805,0,1229.77,558.668583372421,8381.25471862028
449,12386.2893653805,2,1218.98,553.173482552364,8298.81614761745
450,12453.4517087368,0,1210.88,549.510082005659,8243.85710028223
451,12453.4517087368,2,1217.65,552.56291579458,8289.65630639492
452,12386.2893653805,0,1230.71,552.56291579458,8289.65630639492
453,12386.2893653805,2,1244.84,549.510082005659,8243.85710028223
454,12614.6413327918,0,1256.53,558.058016614636,8372.09487739773
455,12614.6413327918,2,1256.4,568.437651496965,8527.81217818084
456,12547.4789894355,0,1258.81,569.04821825475,8536.97201940339
457,12547.4789894355,2,1255.07,565.99538446583,8491.17281329071
458,12587.7763954493,0,1257.68,561.110850403557,8417.89408351042
459,12587.7763954493,1,1280.05,562.942550676909,8445.37360717802
460,12587.7763954493,1,1277.74,572.10105204367,8582.77122551606
461,12587.7763954493,1,1267.18,578.817286379294,8683.52947896394
462,12587.7763954493,2,1256.71,578.817286379294,8683.52947896394
463,12681.803676148,0,1238.67,569.04821825475,8536.97201940339
464,12681.803676148,2,1241.36,573.322185559238,8601.09090796113
465,12654.9387388055,0,1230.6,570.879918528102,8564.45154307099
466,12654.9387388055,2,1227.37,569.658785012534,8546.13186062592
467,12628.073801463,0,1214.36,569.04821825475,8536.97201940339
468,12628.073801463,2,1220.52,567.827084739181,8518.6523369583
469,12735.533550833,0,1217.93,567.827084739181,8518.6523369583
470,12735.533550833,2,1218.33,572.711618801454,8591.9310667386
471,12829.5608315318,2,1228.28,567.827084739181,8518.6523369583
472,12748.9660195043,2,1242.43,572.10105204367,8582.77122551606
473,12816.1283628605,2,1241.63,568.437651496965,8527.81217818084
474,12762.3984881755,2,1246.52,571.490485285886,8573.61138429353
475,12748.9660195043,1,1244.54,569.04821825475,8536.97201940339
476,12802.6958941893,2,1241.84,568.437651496965,8527.81217818084
477,12789.263425518,2,1249.93,570.879918528102,8564.45154307099
478,12628.073801463,2,1241.11,570.269351770318,8555.29170184846
479,12654.9387388055,2,1227.49,562.942550676909,8445.37360717802
480,12775.8309568468,2,1216.93,564.163684192477,8463.6932896231
481,12789.263425518,2,1224.36,569.658785012534,8546.13186062592
482,12762.3984881755,2,1221.46,570.269351770318,8555.29170184846
483,12829.5608315318,2,1220.98,569.04821825475,8536.97201940339
484,12802.6958941893,2,1207.28,572.10105204367,8582.77122551606
485,12816.1283628605,2,1219.2,570.879918528102,8564.45154307099
486,12668.3712074768,2,1222.53,571.490485285886,8573.61138429353
487,12735.533550833,0,1205.79,564.774250950261,8472.85313084563
488,12735.533550833,2,1207.57,567.827084739181,8518.6523369583
489,12775.8309568467,0,1208.89,565.99538446583,8491.17281329071
490,12775.8309568467,2,1205.02,567.827084739181,8518.6523369583
491,12842.993300203,0,1195.45,561.721417161341,8427.05392473295
492,12842.993300203,2,1190.2,564.774250950261,8472.85313084563
493,12896.723174888,0,1181.75,562.331983919125,8436.21376595549
494,12896.723174888,2,1182.74,564.774250950261,8472.85313084563
495,12919.3324619287,0,1181.24,558.601421029065,8380.2471360858
496,12919.3324619287,2,1166.63,559.584433509096,8394.99448045407
497,12919.0516012201,0,1159.82,559.901928223144,8399.75759788979
498,12919.0516012201,2,1161.49,559.889716887989,8399.57440106535
499,12879.1693806017,0,1159.08,561.013159722311,8416.42850891481
500,12879.1693806017,2,1148.36,559.279150130205,8390.41455984282
501,12837.0402743146,0,1130.89,557.447449856852,8362.9350361752
502,12837.0402743146,2,1131.73,555.615749583501,8335.45551250761
503,12689.2831189308,0,1131.73,558.668583372421,8381.25471862028
504,12689.2831189308,2,1120.84,551.952349036796,8280.49646517238
505,12931.0675550133,0,1131.7,553.784049310148,8307.97598883999
506,12931.0675550133,2,1144.19,564.774250950261,8472.85313084563
507,12984.7974296983,0,1141.1,562.942550676909,8445.37360717802
508,12984.7974296983,2,1141.18,565.384817708046,8482.01297206818
509,13078.8247103971,0,1148.78,567.827084739181,8518.6523369583
510,13078.8247103971,0,1167.67,572.10105204367,8582.77122551606
511,13078.8247103971,2,1182.78,580.648986652647,8711.00900263157
512,13105.6896477396,0,1168.17,581.870120168215,8729.32868507663
513,13105.6896477396,2,1162.7,583.091253683784,8747.64836752172
514,13575.8260512333,0,1165.97,586.144087472703,8793.44757363438
515,13575.8260512333,2,1198.18,607.513923995146,9114.04201642314
516,13548.9611138908,2,1191.74,614.840725088555,9223.96011109358
517,14825.0456376595,2,1186.03,613.619591572986,9205.64042864849
518,15563.8314145782,2,1216.27,671.623433562473,10075.8253447894
519,15375.7768531808,2,1215.16,705.204605240596,10579.6166120289
520,14865.3430436733,2,1204.54,696.65667063162,10451.3788349134
521,14945.9378557008,2,1187.28,673.455133835825,10103.304868457
522,14731.0183569608,2,1185.91,677.118534382529,10158.2639157922
523,14690.720950947,2,1180.43,667.349466257984,10011.7064562316
524,14663.8560136045,2,1178.87,665.517765984632,9984.22693256404
525,14851.910575002,2,1170.79,664.296632469064,9965.90725011897
526,14798.180700317,2,1177.46,672.844567078041,10094.1450272345
527,14825.0456376595,2,1177.07,670.402300046904,10057.5056623443
528,14811.6131689883,2,1179.36,671.623433562473,10075.8253447894
529,14825.0456376595,2,1180.84,671.012866804689,10066.6655035669
530,14878.7755123445,2,1175.05,671.623433562473,10075.8253447894
531,15362.3443845095,2,1178.03,674.065700593609,10112.4647096795
532,15214.5872291258,2,1195.54,696.046103873836,10442.2189936908
533,15093.6950110845,2,1187.97,689.329869538211,10341.4607402429
534,15013.100199057,2,1187.77,683.834768718154,10259.0221692401
535,14771.3157629745,2,1179.17,680.171368171449,10204.0631219049
536,14892.2079810158,2,1168.06,669.181166531336,10039.1859798992
537,14717.5858882895,2,1168.83,674.676267351393,10121.6245509021
538,14825.0456376595,2,1172.98,666.7388995002,10002.5466150091
539,14690.720950947,2,1172.78,671.623433562473,10075.8253447894
540,14757.8832943033,2,1162.09,665.517765984632,9984.22693256404
541,14731.0183569608,2,1164.89,668.570599773553,10030.0261386767
542,14717.5858882895,2,1160.99,667.349466257984,10011.7064562316
543,14663.8560136045,2,1160.59,666.7388995002,10002.5466150091
544,14663.8560136045,2,1161.63,664.296632469064,9965.90725011897
545,14489.2339208783,2,1153.06,664.296632469064,9965.90725011897
546,14435.5040461933,2,1144.27,656.359264617871,9846.829314226
547,14314.6118281521,2,1147.1,653.916997586735,9810.18994933586
548,14220.5845474533,2,1139.72,648.421896766678,9727.75137833304
549,13777.3130813021,2,1139.57,644.14792946219,9663.63248977529
550,13817.6104873158,0,1127.53,623.999226455315,9361.3577294316
551,13817.6104873158,2,1128.86,625.830926728668,9388.83725309922
552,13737.0156752883,2,1128.19,625.830926728668,9388.83725309922
553,13616.1234572471,2,1121.08,622.167526181964,9333.87820576401
554,13495.2312392058,2,1112.87,616.672425361907,9251.43963476118
555,13602.6909885758,0,1109.72,611.17732454185,9169.00106375835
556,13602.6909885758,2,1102.51,616.061858604123,9242.27979353864
557,13218.0339311719,2,1124.96,634.989428095428,9526.23487143724
558,13218.0339311719,2,1112.23,616.672425361907,9251.43963476118
559,13089.8149120372,2,1113.07,616.672425361907,9251.43963476118
560,13218.0339311719,0,1102.32,610.566757784066,9159.84122253582
561,13218.0339311719,2,1109.73,616.672425361907,9251.43963476118
562,13282.1434407392,0,1102.56,616.672425361907,9251.43963476118
563,13282.1434407392,2,1105.53,619.725259150827,9297.23884087385
564,13355.4114516733,2,1100.58,641.09509567327,9617.83328366262
565,13624.0608250983,2,1102.64,644.758496219974,9672.79233099783
566,14014.8235500801,0,1111.76,658.190964891224,9874.30883789362
567,14014.8235500801,0,1127.77,677.729101140313,10167.4237570148
568,14014.8235500801,2,1128.65,683.834768718154,10259.0221692401
569,14112.5142313255,2,1142.93,681.392501687018,10222.38280435
570,13917.1328688346,2,1163.26,686.27703574929,10295.6615341303
571,13917.1328688346,2,1150.1,676.507967624745,10149.1040745697
572,13978.189544613,2,1155.46,676.507967624745,10149.1040745697
573,13795.0195172778,2,1161.45,679.560801413666,10194.9032806824
574,13782.8081821221,2,1153.98,670.402300046904,10057.5056623443
575,13489.7361383858,2,1147.15,669.79173328912,10048.3458211218
576,13477.5248032301,2,1140.6,655.138131102303,9828.50963178093
577,13611.8494899426,2,1134.8,654.527564344519,9819.3497905584
578,13660.6948305653,2,1138.67,661.243798680144,9920.1080440063
579,13758.3855118108,2,1140.72,663.68606571128,9956.74740889644
580,13807.2308524335,2,1142.61,668.570599773553,10030.0261386767
581,13733.9628414994,1,1144.53,671.012866804689,10066.6655035669
582,13733.9628414994,2,1143.59,667.349466257984,10011.7064562316
583,13807.2308524335,0,1149.99,667.349466257984,10011.7064562316
584,13807.2308524335,2,1163.82,671.012866804689,10066.6655035669
585,13733.9628414994,2,1165.84,668.570599773553,10030.0261386767
586,13782.8081821221,2,1165.2,664.907199226848,9975.0670913415
587,13978.189544613,1,1182.36,667.349466257984,10011.7064562316
588,13917.1328688346,2,1191.68,677.118534382529,10158.2639157922
589,13819.4421875892,2,1181.1,674.065700593609,10112.4647096795
590,13807.2308524335,2,1184.61,669.181166531336,10039.1859798992
591,13819.4421875892,2,1184.02,668.570599773553,10030.0261386767
592,13929.3442039903,2,1188.71,669.181166531336,10039.1859798992
593,13990.4008797687,2,1212.05,674.676267351393,10121.6245509021
594,13990.4008797687,2,1217.04,677.729101140313,10167.4237570148
595,14112.5142313255,2,1232.26,677.729101140313,10167.4237570148
596,14454.4316156846,2,1264.2,683.834768718154,10259.0221692401
597,14356.7409344392,2,1256.94,700.930637936108,10515.4977234711
598,14356.7409344392,2,1260.68,696.046103873836,10442.2189936908
599,14417.7976102176,2,1279.29,696.046103873836,10442.2189936908
600,15809.8898179652,1,1292.12,699.098937662756,10488.0181998035
601,16505.9359218391,1,1314.51,768.703548050139,11532.2400991726
602,15956.4258398334,1,1310.31,803.505853243832,12054.3510488572
603,15748.8210157368,1,1298.6,776.030349143549,11642.158193843
604,15412.9426034805,1,1294.39,765.650107938719,11486.4317968919
605,15474.011405709,1,1277.68,748.856187325905,11234.4861343479
606,15458.7442051519,1,1299.41,751.909627437326,11280.2944366286
607,15412.9426034805,1,1301.28,751.146267409471,11268.8423610584
608,15260.2705979095,2,1297.6,748.856187325905,11234.4861343479
609,15061.7969906672,1,1291.96,741.222587047354,11119.9653786461
610,15092.3313917814,1,1295.03,731.298906685237,10971.0883962337
611,15138.1329934527,1,1301.34,732.825626740947,10993.9925473741
612,15122.8657928956,1,1315.45,735.115706824513,11028.3487740846
613,15122.8657928956,1,1321,734.352346796657,11016.8966985144
614,15015.9953889959,1,1318.71,734.352346796657,11016.8966985144
615,14725.9185784109,2,1316.84,729.008826601671,10936.7321695232
616,14680.1169767396,1,1307.71,714.504986072423,10719.1427336897
617,14786.9873806393,1,1312.14,712.214905988858,10684.7865069792
618,14786.9873806393,1,1319.63,717.558426183844,10764.9510359704
619,14710.6513778538,1,1314.55,717.558426183844,10764.9510359704
620,14603.7809739541,1,1302.61,713.741626044568,10707.6906581195
621,14542.7121717257,1,1302.96,708.398105849582,10627.5261291283
622,14496.9105700544,1,1305.49,705.344665738162,10581.7178268476
623,14710.6513778538,1,1313.88,703.054585654596,10547.361600137
624,14710.6513778538,1,1319.47,713.741626044568,10707.6906581195
625,14603.7809739541,1,1305.68,713.741626044568,10707.6906581195
626,14542.7121717257,1,1292.84,708.398105849582,10627.5261291283
627,14481.6433694973,1,1289.28,705.344665738162,10581.7178268476
628,14481.6433694973,1,1284.59,702.291225626741,10535.9095245668
629,14359.5057650404,2,1275.81,702.291225626741,10535.9095245668
630,14359.5057650404,2,1275.98,696.1843454039,10444.2929200054
631,14359.5057650404,2,1272.49,696.1843454039,10444.2929200054
632,14283.1697622549,2,1269.56,696.1843454039,10444.2929200054
633,14237.3681605836,2,1258.27,692.367545264624,10387.0325421545
634,14222.1009600265,2,1260.9,690.077465181059,10352.6763154439
635,14130.4977566839,2,1258.67,689.314105153203,10341.2242398737
636,14115.2305561268,2,1258.47,684.733944986072,10272.5117864526
637,14054.1617538984,2,1261.07,683.970584958217,10261.0597108825
638,13977.8257511129,2,1258.29,680.917144846797,10215.2514086017
639,13794.6193444276,2,1257.16,677.100344707521,10157.9910307508
640,13809.8865449847,2,1244.89,667.940024373259,10020.5661239087
641,13977.8257511129,1,1242.04,668.703384401114,10032.0181994788
642,14206.8337594694,2,1253.06,677.100344707521,10157.9910307508
643,14099.9633555697,2,1268.68,688.550745125348,10329.7721643036
644,14008.3601522271,2,1260.47,683.207224930362,10249.6076353123
645,13886.2225477702,2,1256.05,678.627064763231,10180.8951818912
646,14069.4289544555,2,1247.35,672.52018454039,10089.2785773298
647,14038.8945533413,1,1250.27,681.680504874652,10226.7034841719
648,14008.3601522271,2,1249.15,680.153784818942,10203.7993330316
649,14115.2305561268,1,1248.53,678.627064763231,10180.8951818912
650,14069.4289544555,2,1249.49,683.970584958217,10261.0597108825
651,14191.5665589123,2,1254.57,681.680504874652,10226.7034841719
652,14176.2993583552,2,1259.02,687.787385097493,10318.3200887334
653,14099.9633555697,2,1274.86,687.024025069638,10306.8680131632
654,14023.6273527842,2,1272.5,683.207224930362,10249.6076353123
655,14023.6273527842,2,1268.75,679.390424791086,10192.3472574614
656,14023.6273527842,2,1271.23,679.390424791086,10192.3472574614
657,13977.8257511129,1,1277.17,679.390424791086,10192.3472574614
658,13947.2913499987,0,1284.07,677.100344707521,10157.9910307508
659,13947.2913499987,1,1269.92,675.573624651811,10135.0868796105
660,13947.2913499987,1,1252.81,670.99346448468,10066.3744261894
661,13947.2913499987,1,1255.99,667.176664345404,10009.1140483385
662,13947.2913499987,1,1259.38,666.413304317549,9997.6619727683
663,13947.2913499987,1,1265.58,670.230104456825,10054.9223506192
664,13947.2913499987,1,1263.84,671.756824512535,10077.8265017596
665,13947.2913499987,1,1259.64,668.703384401114,10032.0181994788
666,13947.2913499987,1,1255.1,668.703384401114,10032.0181994788
667,13947.2913499987,0,1245.73,667.940024373259,10020.5661239087
668,13947.2913499987,1,1248.49,667.940024373259,10020.5661239087
669,13947.2913499987,0,1238.56,666.413304317549,9997.6619727683
670,13947.2913499987,1,1233.72,664.886584261838,9974.75782162793
671,13947.2913499987,1,1233.85,667.940024373259,10020.5661239087
672,13947.2913499987,1,1231.07,667.940024373259,10020.5661239087
673,13947.2913499987,1,1225.9,664.123224233983,9963.30574605775
674,13947.2913499987,1,1224.04,669.466744428969,10043.470275049
675,13947.2913499987,1,1214.84,662.596504178273,9940.40159491739
676,13947.2913499987,1,1222.07,663.359864206128,9951.85367048757
677,13947.2913499987,1,1213.64,660.306424094707,9906.04536820684
678,13947.2913499987,1,1214.06,659.543064066852,9894.59329263666
679,13947.2913499987,0,1213.07,659.543064066852,9894.59329263666
680,13947.2913499987,2,1209.62,651.146103760446,9768.62046136468
681,13947.2913499987,2,1203.13,643.512503481894,9654.09970566286
682,13851.1079864889,2,1208.01,643.512503481894,9654.09970566286
683,13722.8635018092,0,1197.75,638.932343314763,9585.38725224177
684,13722.8635018092,2,1196.42,632.825463091922,9493.77064768032
685,13538.1303750683,0,1184.79,616.794902506964,9253.27706070651
686,13538.1303750683,2,1170.34,608.397942200557,9127.30422943452
687,13538.1303750683,0,1190.91,618.321622562674,9276.18121184687
688,13538.1303750683,2,1194.77,618.321622562674,9276.18121184687
689,13409.8858903886,0,1191.07,616.794902506964,9253.27706070651
690,13409.8858903886,2,1178.46,610.688022284123,9161.66045614507
691,13265.610845124,0,1168.92,609.924662256267,9150.20838057487
692,13265.610845124,2,1166.67,603.054422005571,9047.13970044325
693,13148.0534008343,0,1163.21,600.764341922006,9012.78347373271
694,13148.0534008343,2,1157.89,595.420821727019,8932.61894474143
695,12980.1141947061,0,1140.02,587.023861420613,8806.64611346944
696,12980.1141947061,2,1123.84,579.390261142061,8692.12535776762
697,13198.4351626727,0,1150.74,581.680341225627,8726.48158447817
698,13198.4351626727,2,1173.43,591.604021587744,8875.35856689053
699,13080.877718383,0,1155.3,584.733781337047,8772.28988675889
700,13080.877718383,2,1139.26,579.390261142061,8692.12535776762
701,13030.4959565446,0,1140.99,580.153621169916,8703.5774333378
702,13030.4959565446,2,1134.57,577.863541086351,8669.22120662727
703,13080.8777183831,0,1131.53,574.81010097493,8623.41290434653
704,13080.8777183831,2,1129.81,577.100181058496,8657.76913105709
705,13366.3743688009,0,1125.15,573.28338091922,8600.50875320617
706,13366.3743688009,2,1135.57,586.260501392758,8795.19403789926
707,13248.8169245112,0,1145.69,583.970421309192,8760.83781118871
708,13248.8169245112,2,1140.71,578.626901114206,8680.67328219744
709,13164.8473214471,0,1149.4,587.787221448468,8818.09818903962
710,13164.8473214471,2,1149.01,583.970421309192,8760.83781118871
711,13248.8169245112,0,1136.96,580.153621169916,8703.5774333378
712,13248.8169245112,2,1142.05,583.970421309192,8760.83781118871
713,13349.5804481881,0,1137.04,587.787221448468,8818.09818903962
714,13349.5804481881,2,1137.75,592.367381615599,8886.81064246071
715,13416.7561306393,0,1132.4,592.367381615599,8886.81064246071
716,13416.7561306393,2,1134.8,595.420821727019,8932.61894474143
717,13483.9318130906,0,1142.6,607.634582172702,9115.85215386434
718,13483.9318130906,2,1149.34,610.688022284123,9161.66045614507
719,13500.7257337034,0,1146.17,612.214742339833,9184.56460728543
720,13500.7257337034,2,1139.29,612.978102367688,9196.0166828556
721,13416.7561306393,0,1140.26,610.688022284123,9161.66045614507
722,13416.7561306393,2,1139.46,606.871222144847,9104.40007829416
723,13315.9926069624,0,1138.02,607.634582172702,9115.85215386434
724,13315.9926069624,2,1131.97,603.054422005571,9047.13970044325
725,13534.313574929,0,1131.8,596.184181754875,8944.07102031162
726,13534.313574929,2,1145.57,606.107862116992,9092.94800272398
727,13366.3743688009,0,1139.96,610.688022284123,9161.66045614507
728,13366.3743688009,2,1135.16,603.054422005571,9047.13970044325
729,13222.0993235362,0,1135.95,609.161302228412,9138.75630500469
730,13222.0993235362,2,1131.36,602.291061977716,9035.68762487307
731,13190.0382023663,0,1131.13,606.107862116992,9092.94800272398
732,13190.0382023663,2,1129.99,604.581142061281,9070.0438515836
733,13045.7631571017,0,1128.34,606.107862116992,9092.94800272398
734,13045.7631571017,2,1120.6,599.237621866295,8989.87932259234
735,13077.8242782716,0,1110.08,599.237621866295,8989.87932259234
736,13077.8242782716,2,1110.08,600.764341922006,9012.78347373271
737,13238.1298841212,0,1109.17,600.00098189415,9001.33139816252
738,13238.1298841212,2,1117.46,607.634582172702,9115.85215386434
739,13847.2911863496,0,1112.79,613.741462395543,9207.46875842578
740,13847.2911863496,2,1112.86,642.749143454039,9642.64763009268
741,14007.5967921992,2,1111.99,635.115543175488,9528.12687439087
742,14424.3913674081,0,1115.75,642.749143454039,9642.64763009268
743,14424.3913674081,0,1124.47,662.596504178273,9940.40159491739
744,14424.3913674081,2,1131.92,679.390424791086,10192.3472574614
745,14408.3608068231,2,1135.38,676.336984679666,10146.5389551807
746,14344.2385644833,2,1148.89,675.573624651811,10135.0868796105
747,14408.3608068231,2,1151.37,672.52018454039,10089.2785773298
748,14889.2776243719,2,1161.48,675.573624651811,10135.0868796105
749,14680.8803367674,2,1172.65,698.474425487465,10478.6491467159
750,14424.3913674081,2,1167.87,688.550745125348,10329.7721643036
751,14392.3302462381,2,1154.12,676.336984679666,10146.5389551807
752,14344.2385644833,2,1155.38,674.810264623955,10123.6348040403
753,14280.1163221434,2,1152.07,672.52018454039,10089.2785773298
754,14248.0552009735,2,1149.65,669.466744428969,10043.470275049
755,14488.5136097479,2,1150.82,667.940024373259,10020.5661239087
756,14408.3608068231,2,1168.58,679.390424791086,10192.3472574614
757,14857.2165032019,2,1166.22,675.573624651811,10135.0868796105
758,14937.3693061267,2,1168.04,696.947705431755,10455.7449955756
759,15241.9499572409,2,1167.42,700.764505571031,10513.0053734265
760,15931.2640623941,2,1162.43,715.268346100279,10730.5948092599
761,15835.0806988844,2,1167.96,748.09282729805,11223.0340587777
762,15610.652850695,2,1166.04,743.512667130919,11154.3216053566
763,15450.3472448454,2,1169.5,732.825626740947,10993.9925473741
764,15690.8056536198,2,1166.22,725.192026462396,10879.4717916723
765,15706.8362142047,2,1182.31,736.642426880223,11051.252925225
766,15610.652850695,2,1200.7,737.405786908078,11062.7050007952
767,15626.6834112799,2,1216.93,732.825626740947,10993.9925473741
768,15610.652850695,2,1209.6,733.588986768802,11005.4446229443
769,16332.0280770181,2,1213.12,732.825626740947,10993.9925473741
770,16267.9058346783,1,1255.72,767.176827994429,11509.3359480322
771,16251.8752740933,1,1270.87,764.123387883008,11463.5276457515
772,16380.119758773,1,1263.38,763.360027855153,11452.0755701813
773,16877.0671369067,1,1284.23,769.466908077994,11543.6921747428
774,17694.6257267395,1,1310.23,793.131068941504,11898.7065174184
775,17293.8617121156,1,1343.66,832.062430362117,12482.7623714976
776,17213.7089091908,1,1317.12,812.978429665738,12196.4604822431
777,17374.0145150404,1,1320.47,809.161629526462,12139.2001043922
778,17854.9313325891,1,1313.42,816.795229805014,12253.720860094
779,17742.7174084944,1,1297.48,839.696030640669,12597.2831271995
780,18127.4508625334,1,1276.68,834.352510445682,12517.1185982082
781,18448.0620742326,1,1300.63,852.673151114206,12791.9684118925
782,18399.9703924777,1,1306.15,867.940351671309,13021.0099232962
783,18383.9398318927,1,1305.88,865.650271587744,12986.6536965856
784,18383.9398318927,1,1325.39,864.886911559888,12975.2016210154
785,18303.787028968,1,1346.65,864.886911559888,12975.2016210154
786,18063.3286201936,1,1349.14,861.070111420613,12917.9412431645
787,18143.4814231184,1,1337.05,849.619711002786,12746.1601096118
788,18255.6953472131,1,1342.36,853.436511142061,12803.4204874627
789,18079.3591807785,1,1333.69,858.780031337047,12883.585016454
790,18095.3897413635,0,1319.99,850.38307103064,12757.612185182
791,18095.3897413635,0,1324.27,851.146431058496,12769.0642607522
792,18095.3897413635,1,1341.38,856.489951253482,12849.2287897435
793,18095.3897413635,1,1345.98,858.016671309192,12872.1329408838
794,18095.3897413635,1,1344.59,862.596831476323,12940.8453943049
795,18095.3897413635,1,1363.98,896.948032729805,13456.1887949631
796,18095.3897413635,1,1398.24,918.322113509749,13776.8469109281
797,18095.3897413635,1,1400.01,912.215233286908,13685.2303063667
798,18095.3897413635,1,1405.26,905.344993036212,13582.1616262351
799,18095.3897413635,1,1434.58,946.56643454039,14200.5737070248
800,18095.3897413635,1,1504.14,984.734435933148,14773.1774855339
801,18095.3897413635,1,1502.18,987.787876044568,14818.9857878146
802,18095.3897413635,1,1545.2,1061.07043871866,15918.385042552
803,18095.3897413635,1,1596.13,1140.4598816156,17109.4009018509
804,18095.3897413635,1,1632.18,1116.79572075209,16754.3865591753
805,18095.3897413635,1,1591.36,1068.70403899721,16032.9057982538
806,18095.3897413635,1,1495.3,976.337475626741,14647.2046542619
807,18095.3897413635,1,1509.68,998.47491643454,14979.3148457972
808,18095.3897413635,1,1441.2,954.200034818942,14315.0944627267
809,18095.3897413635,1,1435.7,954.963394846797,14326.5465382968
810,18095.3897413635,1,1349.32,876.337311977716,13146.9827545682
811,18095.3897413635,1,1423.09,923.665633704735,13857.0114399194
812,18095.3897413635,1,1377.18,906.108353064067,13593.6137018052
813,18095.3897413635,1,1313.04,839.696030640669,12597.2831271995
814,18095.3897413635,1,1316.4,841.222750696379,12620.1872783398
815,18095.3897413635,1,1272.07,806.871549442897,12104.8438776817
816,18095.3897413635,1,1255.8,787.787548746518,11818.5419884271
817,18095.3897413635,1,1269.31,808.398269498607,12127.748028822
818,18095.3897413635,1,1251.46,804.581469359331,12070.4876509711
819,18095.3897413635,2,1226.16,780.917308495822,11715.4733082955
820,19447.300350695,2,1201.58,758.016507660167,11371.9110411901
821,21325.9293792465,2,1196.35,816.795229805014,12253.720860094
822,22783.183672422,1,1260.76,898.474752785515,13479.0929461034
823,20623.6381536198,1,1336.53,961.833635097493,14429.6152184285
824,21378.6012211685,1,1256.11,867.940351671309,13021.0099232962
825,21870.2050791073,1,1265.46,900.764832869081,13513.449172814
826,22133.5642887173,1,1298.73,922.138913649025,13834.107288779
827,21940.4342016699,1,1336.67,933.589314066852,14005.8884223318
828,23064.1001626727,1,1326.54,925.192353760446,13879.9155910598
829,22870.9700756254,1,1340.29,974.047395543176,14612.8484275514
830,22906.0846369067,1,1342.41,965.650435236769,14486.8755962794
831,23028.9856013914,1,1347.45,967.177155292479,14509.7797474197
832,25258.7602427563,1,1394.77,972.520675487465,14589.944276411
833,24082.4224398314,1,1479.03,1069.46739902507,16044.357873824
834,23959.5214753468,1,1464.94,1018.32227715877,15277.0688106218
835,23836.6205108621,1,1449.95,1012.97875696379,15196.9042816306
836,24222.8806849569,1,1432.45,1007.6352367688,15116.7397526393
837,25223.645681475,1,1442.62,1024.42915738162,15368.6854151834
838,24837.3855073803,1,1465.11,1067.94067896936,16021.4537226837
839,24714.4845428956,1,1462.48,1051.14675835655,15769.5080601397
840,24240.4379655975,1,1454.89,1045.80323816156,15689.3435311484
841,24363.3389300823,1,1431.53,1025.19251740947,15380.1374907535
842,23889.2923527842,1,1439.06,1030.53603760446,15460.3020197448
843,23977.0787559874,1,1396.28,1009.92531685237,15151.0959793499
844,23836.6205108621,0,1403.87,1013.74211699164,15208.3563572008
845,23836.6205108621,1,1381.38,1007.6352367688,15116.7397526393
846,23836.6205108621,1,1392.68,1025.19251740947,15380.1374907535
847,23836.6205108621,1,1430.42,1043.51315807799,15654.9873044378
848,23836.6205108621,1,1423.81,1037.40627785515,15563.3706998764
849,23836.6205108621,1,1425.32,1033.58947771588,15506.1103220256
850,23836.6205108621,1,1408.79,1023.66579735376,15357.2333396132
851,23836.6205108621,1,1391.46,1015.26883704735,15231.2605083411
852,23836.6205108621,1,1402.22,1030.53603760446,15460.3020197448
853,23836.6205108621,1,1407.9,1038.16963788301,15574.8227754466
854,23836.6205108621,1,1391.3,1021.3757172702,15322.8771129027
855,23836.6205108621,1,1397.57,1026.71923746518,15403.0416418939
856,23836.6205108621,1,1410.34,1039.69635793872,15597.726926587
857,23836.6205108621,1,1431.61,1056.49027855153,15849.6725891309
858,23836.6205108621,1,1440.94,1052.67347841226,15792.4122112801
859,23836.6205108621,1,1462.04,1039.69635793872,15597.726926587
860,23836.6205108621,1,1458.04,1047.32995821727,15712.2476822888
861,23836.6205108621,1,1484.99,1064.88723885794,15975.645420403
862,23836.6205108621,1,1510.57,1057.25363857939,15861.1246647012
863,23836.6205108621,1,1510.42,1049.62003830084,15746.6039089994
864,23836.6205108621,1,1499.98,1048.85667827298,15735.1518334291
865,23836.6205108621,1,1487.81,1038.93299791086,15586.2748510167
866,23836.6205108621,1,1495.16,1045.0398781337,15677.8914555782
867,23836.6205108621,1,1508.21,1053.43683844011,15803.8642868502
868,23836.6205108621,1,1520.69,1063.36051880223,15952.7412692626
869,23836.6205108621,2,1537.25,1087.02467966574,16307.7556119382
870,23719.0630665725,1,1540.51,1081.68115947075,16227.5910829469
871,23618.2995428956,1,1536.04,1076.33763927577,16147.4265539557
872,23651.8873841213,1,1541.4,1071.75747910864,16078.7141005347
873,23651.8873841213,1,1572.19,1073.28419916435,16101.618251675
874,23534.3299398315,1,1575.18,1073.28419916435,16101.618251675
875,23198.4515275753,1,1569.06,1067.94067896936,16021.4537226837
876,23332.8028924778,1,1546.16,1052.67347841226,15792.4122112801
877,23332.8028924778,1,1555.53,1058.7803586351,15884.0288158415
878,23198.4515275753,1,1561.27,1058.7803586351,15884.0288158415
879,23080.8940832855,1,1565.56,1052.67347841226,15792.4122112801
880,23047.3062420599,1,1560.83,1047.32995821727,15712.2476822888
881,22963.3366389957,1,1553.62,1045.80323816156,15689.3435311484
882,23131.2758451241,1,1550.43,1041.98643802228,15632.0831532975
883,23215.245448188,1,1571.04,1049.62003830084,15746.6039089994
884,22946.542718383,1,1585.76,1053.43683844011,15803.8642868502
885,23013.7184008343,1,1582.13,1041.22307799443,15620.6310777273
886,23013.7184008343,1,1586.29,1044.27651810585,15666.4393800081
887,23064.1001626728,1,1600.98,1044.27651810585,15666.4393800081
888,23316.0089718648,1,1589.64,1046.56659818942,15700.7956067187
889,23114.4819245111,1,1576.27,1058.01699860724,15872.5767402713
890,23114.4819245111,1,1578.01,1048.85667827298,15735.1518334291
891,23097.6880038984,1,1568.59,1048.85667827298,15735.1518334291
892,23114.4819245111,1,1561.17,1048.09331824513,15723.699757859
893,23013.7184008343,1,1562.46,1048.85667827298,15735.1518334291
894,23047.3062420599,1,1556.8,1044.27651810585,15666.4393800081
895,23148.0697657368,1,1570.38,1045.80323816156,15689.3435311484
896,23366.3907337034,1,1583.61,1050.38339832869,15758.0559845695
897,23483.948177993,1,1597.72,1060.30707869081,15906.9329669819
898,23803.0326696365,2,1606.26,1065.65059888579,15987.0974959731
899,23786.2387490238,1,1647.46,1080.15443941504,16204.6869318066
900,23819.8265902494,1,1645.68,1079.39107938719,16193.2348562364
901,23685.4752253469,1,1640.96,1080.9177994429,16216.1390073768
902,23752.6509077981,1,1637.63,1074.81091922006,16124.5224028154
903,23685.4752253469,1,1643.04,1077.86435933148,16170.3307050961
904,23702.2691459596,1,1640.64,1074.81091922006,16124.5224028154
905,23920.5901139262,1,1636.17,1075.57427924791,16135.9744783855
906,23903.7961933133,1,1648.58,1085.49795961003,16284.8514607979
907,25163.3402392744,1,1652.81,1084.73459958217,16273.3993852276
908,25432.0429690794,1,1678.79,1141.98660167131,17132.3050529913
909,25549.6004133691,1,1707.68,1154.20036211699,17315.5382621141
910,27245.7863952633,1,1718.5,1159.54388231198,17395.7027911055
911,28119.0702671296,1,1741.81,1236.64324512535,18552.3624236938
912,27497.6952044555,1,1778.13,1276.33796657382,19147.8703533432
913,27027.4654272966,1,1782.81,1248.09364554318,18724.1435572465
914,27783.1918548732,1,1780.43,1226.71956476323,18403.4854412814
915,28303.8033938704,2,1810.11,1261.07076601671,18918.8288419395
916,28001.5128228398,1,1874.82,1284.73492688022,19273.8431846151
917,28505.3304412241,1,1893.25,1270.99444637883,19067.7058243519
918,31192.3577392744,1,1968.27,1293.89524721448,19411.2680914573
919,32116.0233729791,1,1997.06,1416.03285167131,21243.6001826864
920,33577.0944662939,0,2000.4,1458.01765320334,21873.4643390463
921,33577.0944662938,2,2071.03,1524.42997562674,22869.7949136521
922,30369.4556292466,2,2055.46,1492.36885445682,22388.8077397044
923,32569.4592295252,1,1932.11,1346.56708913649,20201.4613057999
924,32267.1686584944,1,2004.39,1446.56725278552,21701.6832054937
925,31545.0300721435,1,1995.35,1432.82677228412,21495.5458452303
926,32653.4288325892,1,1955.75,1400.00229108635,21003.1065957125
927,34920.6081153191,1,1964.02,1450.38405292479,21758.9435833445
928,38329.7739997201,2,2010.45,1553.43765668524,23304.973785319
929,38783.209856266,2,2067.17,1708.39974233983,25629.7451260658
930,38396.9496821713,2,2061.42,1729.01046309192,25938.9511664607
931,37607.6354133691,2,2055.22,1711.45318245125,25675.5534283465
932,36062.5947169904,1,2032.52,1675.57526114206,25137.305876548
933,36650.3819384388,1,1935.64,1605.34613857939,24083.7149240914
934,40227.4870289681,1,1965.96,1632.06373955432,24484.5375690477
935,41772.5277253469,2,2061.42,1794.65942548747,26923.8296654964
936,40042.7539022271,2,2068.46,1864.88854805014,27977.420617953
937,38094.6591111407,2,2038.63,1786.26246518106,26797.8568342243
938,38094.6591111407,1,1998.65,1697.71270194986,25469.4160680833
939,37691.6050164333,1,2007.3,1697.71270194986,25469.4160680833
940,38480.9192852355,1,2012.89,1679.39206128134,25194.566254399
941,39287.0274746506,2,2062.06,1715.26998259053,25732.8138061974
942,41319.0918688009,2,2087.28,1751.91126392758,26282.5134335662
943,41050.3891389959,2,2175.4,1844.27782729805,27668.2145775581
944,40848.8620916422,2,2169.04,1832.06406685237,27484.9813684352
945,40781.686409191,2,2165.5,1822.90374651811,27347.5564615931
946,40764.8924885781,2,2178.57,1819.85030640669,27301.7481593123
947,40613.7472030627,2,2194.49,1819.08694637883,27290.2960837421
948,40714.5107267395,2,2235.73,1812.21670612813,27187.2274036104
949,41285.5040275753,2,2239.43,1816.79686629526,27255.9398570315
950,41654.9702810571,2,2267.74,1842.75110724234,27645.3104264177
951,42108.4061376031,2,2286.55,1859.54502785515,27897.2560889617
952,42141.9939788287,2,2315.01,1880.15574860724,28206.4621293566
953,45903.832196099,2,2332.32,1881.68246866295,28229.3662804969
954,49195.4406362104,2,2326.9,2052.67511490251,30794.6312082176
955,49581.7008103052,2,2342.77,2202.29368036212,33039.2380199732
956,48590.8594941491,2,2374.64,2219.85096100279,33302.6357580874
957,48590.8594941491,2,2424.84,2174.81271935933,32626.9632994466
958,48977.1196682438,2,2440.88,2174.81271935933,32626.9632994466
959,53786.9796682438,2,2423.09,2192.37,32890.3610375608
960,52422.9796682438,2,2441.85,2411,36170.2908092881
961,50750.9796682438,2,2425.3,2349,35240.1547536366
962,50860.9796682438,2,2370.55,2273,34099.9879757411
963,51344.9796682438,2,2408.24,2278,34174.9989479711
964,50794.9796682438,2,2473.74,2300,34505.0472257829
965,50508.9796682438,2,2466.92,2275,34129.9923646331
966,51608.9796682438,1,2475.27,2262,33934.9638368352
967,53060.9796682438,2,2524,2312,34685.0735591349
968,52796.9796682438,2,2561.48,2378,35675.2183925704
969,52774.9796682438,2,2534.37,2366,35495.1920592185
970,51872.9796682438,2,2543.03,2365,35480.1898647725
971,50926.9796682438,2,2526.92,2324,34865.0998924868
972,51850.9796682438,2,2493.59,2281,34220.0055313091
973,51322.9796682438,2,2586.01,2323,34850.0976980408
974,50948.9796682438,2,2601.51,2299,34490.045031337
975,50706.9796682438,2,2611.45,2282,34235.0077257551
976,49914.9796682438,2,2636.68,2271,34069.9835868492
977,49232.9796682438,2,2640.35,2235,33529.9045867934
978,49078.9796682438,2,2607.67,2204,33064.8365589677
979,49562.9796682438,2,2586.51,2197,32959.8211978457
980,49100.9796682438,2,2599.08,2219,33289.8694756575
981,49100.9796682438,2,2554.14,2198,32974.8233922917
