,Episode End Value,action,Nepse Data,Stock price
0,20000.0,1,1377.33,710.0
1,20000.0,1,1374.75,700.0
2,20000.0,1,1370.04,700.0
3,20000.0,1,1362.98,700.0
4,20000.0,1,1355.48,696.0
5,20000.0,1,1351.54,691.0
6,20000.0,1,1362.53,701.0
7,20000.0,1,1375.26,710.0
8,20000.0,0,1377.42,709.0
9,20000.0,1,1382.42,710.0
10,20000.0,2,1383.85,712.0
11,20000.0,2,1388.63,715.0
12,18677.0,1,1405.78,715.0
13,18380.0,0,1409.43,666.0
14,18380.0,2,1428.6,655.0
15,18542.0,2,1430.81,660.0
16,18245.0,2,1440.69,666.0
17,18380.0,2,1441.67,655.0
18,18353.0,2,1454.35,660.0
19,18218.0,2,1461.75,659.0
20,18218.0,2,1453.11,654.0
21,18218.0,2,1458.38,654.0
22,18191.0,2,1464.91,654.0
23,18137.0,2,1471.95,653.0
24,18137.0,2,1468.11,651.0
25,18245.0,2,1463.13,651.0
26,18515.0,2,1472.69,655.0
27,18515.0,2,1482.9,665.0
28,18191.0,2,1484.04,665.0
29,18272.0,1,1481.18,653.0
30,18650.0,2,1481.94,656.0
31,18299.0,2,1477.38,670.0
32,18407.0,2,1467.51,657.0
33,18380.0,2,1483.68,661.0
34,18380.0,2,1496.41,660.0
35,18380.0,2,1499.32,660.0
36,18326.0,2,1509.39,660.0
37,18245.0,2,1524.07,658.0
38,18164.0,2,1544.53,655.0
39,18137.0,2,1524.12,652.0
40,18137.0,2,1525.09,651.0
41,18353.0,2,1522.25,651.0
42,18407.0,2,1526.96,659.0
43,18380.0,2,1532.12,661.0
44,18434.0,2,1523.56,660.0
45,18326.0,2,1518.12,662.0
46,18380.0,2,1483.14,658.0
47,18515.0,2,1516.8,660.0
48,18515.0,2,1531.49,665.0
49,18623.0,2,1546.8,665.0
50,18650.0,2,1566.7,669.0
51,18596.0,2,1597.96,670.0
52,18515.0,2,1609.59,668.0
53,18569.0,2,1614.15,665.0
54,18569.0,2,1620.47,667.0
55,18785.0,2,1632.94,667.0
56,18785.0,2,1622.27,675.0
57,18893.0,2,1615.1,675.0
58,18731.0,2,1628.81,679.0
59,18758.0,2,1647.51,673.0
60,18758.0,2,1666.83,674.0
61,18785.0,2,1685.17,674.0
62,18893.0,2,1712.84,675.0
63,18947.0,2,1724.19,679.0
64,19028.0,2,1724.59,681.0
65,19136.0,2,1723.23,684.0
66,19082.0,2,1719.2,688.0
67,19217.0,2,1716.83,686.0
68,19244.0,2,1713.03,691.0
69,19244.0,1,1715.72,692.0
70,18353.0,1,1722.53,692.0
71,18812.0,1,1702.27,659.0
72,18866.0,2,1693.07,676.0
73,19163.0,2,1690.43,678.0
74,19163.0,2,1718.15,689.0
75,19190.0,2,1745.74,689.0
76,19163.0,2,1783.0,690.0
77,19163.0,2,1800.47,689.0
78,19163.0,2,1786.84,689.0
79,19082.0,2,1798.83,689.0
80,19109.0,2,1833.89,686.0
81,18974.0,2,1866.5,687.0
82,19001.0,2,1881.45,682.0
83,19109.0,2,1877.93,683.0
84,18974.0,0,1862.76,687.0
85,18974.0,2,1845.41,682.0
86,18893.0,2,1826.47,683.0
87,18731.0,2,1813.72,680.0
88,19298.0,0,1768.6,674.0
89,19298.0,2,1764.72,695.0
90,19522.0,2,1675.91,672.0
91,19522.0,2,1779.57,680.0
92,19382.0,2,1774.87,680.0
93,19410.0,0,1733.93,675.0
94,19410.0,2,1694.81,676.0
95,19522.0,2,1717.45,680.0
96,19550.0,2,1734.99,684.0
97,19186.0,2,1722.43,685.0
98,19158.0,2,1683.12,672.0
99,19270.0,2,1681.86,671.0
100,19410.0,2,1730.62,675.0
101,19550.0,2,1748.23,680.0
102,19578.0,2,1766.54,685.0
103,19830.0,2,1788.08,686.0
104,19830.0,2,1797.45,695.0
105,19718.0,2,1797.45,695.0
106,19718.0,2,1805.18,691.0
107,19970.0,2,1819.83,691.0
108,19970.0,2,1838.9,700.0
109,19970.0,2,1834.8,700.0
110,19662.0,2,1824.83,700.0
111,19914.0,2,1823.05,689.0
112,19970.0,2,1816.81,698.0
113,19634.0,2,1818.69,700.0
114,19942.0,2,1815.17,688.0
115,19718.0,2,1804.48,699.0
116,19690.0,2,1786.5,691.0
117,19858.0,2,1779.13,690.0
118,19606.0,2,1766.91,696.0
119,19858.0,2,1730.64,687.0
120,19690.0,2,1757.07,696.0
121,19690.0,2,1753.72,690.0
122,19690.0,2,1749.1,690.0
123,19690.0,2,1753.38,690.0
124,19690.0,2,1763.78,690.0
125,19606.0,2,1780.4,690.0
126,19690.0,2,1798.5,687.0
127,19970.0,2,1806.6,690.0
128,19606.0,2,1819.88,700.0
129,19634.0,2,1803.74,687.0
130,19970.0,2,1793.36,688.0
131,19774.0,2,1792.7,700.0
132,19802.0,2,1787.89,693.0
133,19466.0,2,1794.47,694.0
134,19410.0,2,1782.39,682.0
135,19466.0,2,1768.89,680.0
136,19690.0,2,1751.0,682.0
137,19690.0,2,1753.46,690.0
138,19410.0,2,1759.71,690.0
139,19438.0,2,1762.21,680.0
140,19326.0,2,1749.12,681.0
141,19130.0,2,1724.49,677.0
142,19270.0,2,1696.86,670.0
143,19382.0,2,1697.17,675.0
144,19298.0,2,1700.0,679.0
145,19550.0,2,1706.28,676.0
146,19550.0,1,1701.91,685.0
147,19298.0,2,1698.9,685.0
148,19270.0,2,1658.08,676.0
149,19886.0,2,1599.62,675.0
150,19550.0,2,1606.29,697.0
151,19158.0,2,1582.47,685.0
152,19662.0,2,1540.01,671.0
153,19270.0,2,1534.03,689.0
154,19550.0,2,1469.48,675.0
155,19550.0,2,1510.16,685.0
156,19662.0,2,1553.68,685.0
157,19690.0,2,1608.33,689.0
158,19410.0,2,1600.49,690.0
159,19410.0,2,1570.95,680.0
160,19410.0,2,1544.6,680.0
161,19466.0,2,1554.51,680.0
162,19410.0,2,1553.9,682.0
163,19326.0,2,1544.68,680.0
164,19410.0,2,1522.8,677.0
165,19438.0,2,1509.43,680.0
166,19382.0,2,1516.08,681.0
167,19550.0,2,1530.06,679.0
168,19410.0,2,1531.35,685.0
169,19550.0,2,1514.88,680.0
170,19466.0,2,1495.99,685.0
171,20110.0,2,1470.63,682.0
172,19746.0,2,1475.41,705.0
173,19690.0,1,1432.57,692.0
174,19690.0,2,1407.53,690.0
175,19690.0,2,1413.15,690.0
176,19914.0,2,1443.38,690.0
177,19970.0,2,1465.72,698.0
178,19970.0,2,1482.85,700.0
179,19942.0,2,1456.82,700.0
180,19970.0,2,1457.82,699.0
181,19858.0,2,1454.14,700.0
182,19914.0,2,1447.45,696.0
183,19830.0,2,1458.97,698.0
184,19830.0,2,1476.9,695.0
185,19830.0,2,1476.51,695.0
186,19802.0,2,1479.86,695.0
187,19830.0,2,1477.72,694.0
188,19746.0,2,1466.09,695.0
189,19690.0,2,1463.04,692.0
190,19746.0,2,1462.23,690.0
191,19830.0,2,1462.56,692.0
192,19690.0,2,1465.84,695.0
193,19494.0,2,1457.88,690.0
194,19550.0,0,1432.99,683.0
195,19550.0,2,1396.61,685.0
196,19158.0,1,1375.14,677.0
197,19074.0,2,1309.7,663.0
198,19634.0,2,1326.6,660.0
199,19354.0,2,1389.83,680.0
200,19102.0,2,1382.45,670.0
201,19214.0,2,1364.5,661.0
202,19354.0,2,1348.84,665.0
203,19074.0,2,1344.6,670.0
204,19074.0,2,1322.98,660.0
205,18934.0,2,1296.23,660.0
206,19354.0,2,1252.5,655.0
207,19270.0,2,1278.98,670.0
208,19326.0,2,1274.97,667.0
209,19074.0,2,1316.8,669.0
210,19886.0,2,1343.85,660.0
211,19690.0,2,1369.35,689.0
212,19662.0,2,1365.11,682.0
213,19494.0,2,1357.57,681.0
214,19578.0,2,1344.11,675.0
215,18346.0,2,1337.46,678.0
216,18206.0,2,1313.01,634.0
217,18318.0,0,1299.29,629.0
218,18318.0,2,1316.8,633.0
219,18231.0,2,1329.41,627.0
220,18405.0,2,1354.34,624.0
221,18347.0,2,1358.41,630.0
222,18231.0,2,1341.6,628.0
223,18115.0,2,1347.53,624.0
224,18115.0,2,1355.23,620.0
225,18260.0,2,1347.09,620.0
226,18260.0,2,1356.13,625.0
227,18550.0,2,1357.34,625.0
228,18550.0,2,1382.19,635.0
229,18550.0,2,1424.38,635.0
230,18550.0,2,1462.23,635.0
231,18405.0,2,1481.08,635.0
232,18492.0,2,1486.04,630.0
233,18521.0,2,1533.83,633.0
234,18550.0,2,1610.62,634.0
235,18695.0,2,1588.29,635.0
236,18724.0,2,1587.64,640.0
237,18695.0,2,1667.11,641.0
238,18550.0,2,1660.52,640.0
239,18666.0,2,1657.02,635.0
240,18666.0,2,1651.04,639.0
241,18550.0,2,1651.6,639.0
242,18579.0,2,1676.49,635.0
243,18956.0,2,1709.82,636.0
244,18840.0,2,1703.07,649.0
245,18695.0,2,1697.13,645.0
246,18666.0,2,1651.61,640.0
247,18550.0,2,1612.04,639.0
248,18666.0,2,1662.02,635.0
249,18898.0,2,1658.34,639.0
250,18666.0,2,1693.72,647.0
251,18666.0,2,1675.78,639.0
252,18782.0,2,1672.38,639.0
253,18637.0,2,1670.3,643.0
254,18666.0,2,1670.62,638.0
255,18666.0,2,1650.78,639.0
256,18811.0,2,1658.33,639.0
257,18724.0,2,1662.38,644.0
258,18753.0,2,1653.18,641.0
259,18724.0,2,1628.98,642.0
260,18753.0,2,1637.3,641.0
261,19275.0,2,1650.81,642.0
262,18985.0,2,1658.58,660.0
263,18985.0,2,1659.23,650.0
264,18985.0,2,1649.24,650.0
265,18985.0,2,1644.26,650.0
266,19072.0,2,1643.87,650.0
267,19072.0,2,1627.24,653.0
268,19217.0,2,1616.4,653.0
269,19246.0,2,1604.31,658.0
270,19362.0,2,1593.81,659.0
271,19826.0,2,1602.65,663.0
272,19855.0,2,1637.37,679.0
273,19710.0,2,1623.13,680.0
274,19333.0,2,1615.19,675.0
275,19275.0,2,1590.49,662.0
276,19565.0,2,1580.52,660.0
277,19391.0,2,1585.15,670.0
278,19275.0,2,1584.49,664.0
279,19275.0,2,1589.59,660.0
280,19275.0,2,1575.98,660.0
281,19449.0,2,1555.16,660.0
282,19333.0,2,1551.07,666.0
283,19362.0,2,1554.69,662.0
284,19333.0,2,1559.49,663.0
285,19362.0,2,1567.72,662.0
286,19333.0,2,1565.09,663.0
287,19420.0,2,1563.81,662.0
288,19333.0,2,1541.82,665.0
289,19333.0,2,1544.29,662.0
290,19362.0,2,1541.28,662.0
291,19391.0,2,1551.06,663.0
292,19391.0,2,1582.11,664.0
293,19275.0,2,1584.15,664.0
294,19275.0,2,1575.22,660.0
295,19333.0,2,1575.22,660.0
296,19391.0,2,1585.01,662.0
297,19710.0,2,1587.25,664.0
298,19565.0,2,1582.67,675.0
299,19565.0,1,1583.57,670.0
300,19507.0,1,1604.15,670.0
301,19507.0,1,1638.41,668.0
302,19565.0,1,1637.27,668.0
303,19594.0,1,1635.75,670.0
304,19594.0,1,1635.56,671.0
305,19507.0,1,1629.08,671.0
306,19536.0,1,1636.19,668.0
307,19536.0,1,1645.03,669.0
308,19565.0,1,1646.53,669.0
309,19681.0,1,1643.28,670.0
310,20000.0,1,1652.69,674.0
311,20000.0,1,1660.25,685.0
312,20261.0,1,1662.74,685.0
313,20783.0,1,1665.05,694.0
314,20754.0,1,1667.94,712.0
315,20609.0,1,1661.72,711.0
316,20522.0,0,1653.53,706.0
317,20522.0,1,1642.13,703.0
318,20522.0,1,1629.16,699.0
319,20522.0,1,1632.66,702.0
320,20522.0,1,1629.75,699.0
321,20522.0,1,1617.97,697.0
322,20522.0,1,1611.57,697.0
323,20522.0,1,1614.05,705.0
324,20522.0,1,1611.27,708.0
325,20522.0,0,1617.81,709.0
326,20522.0,1,1622.32,705.0
327,20522.0,1,1612.91,702.0
328,20522.0,1,1598.36,705.0
329,20522.0,2,1580.03,705.0
330,20754.0,1,1554.56,700.0
331,20696.0,2,1566.5,708.0
332,20580.0,2,1554.55,706.0
333,20638.0,2,1519.66,702.0
334,20783.0,2,1523.26,704.0
335,20580.0,2,1502.2,709.0
336,20870.0,2,1493.2,702.0
337,20754.0,2,1530.31,712.0
338,20696.0,2,1547.94,708.0
339,20812.0,1,1543.7,706.0
340,20812.0,2,1539.81,710.0
341,20870.0,2,1536.92,710.0
342,20957.0,2,1545.44,712.0
343,21044.0,2,1549.46,715.0
344,21218.0,2,1556.35,718.0
345,21044.0,2,1542.65,724.0
346,21247.0,2,1510.01,718.0
347,21537.0,2,1501.89,725.0
348,21856.0,2,1502.63,735.0
349,22842.0,2,1505.99,746.0
350,22842.0,2,1510.02,780.0
351,22813.0,2,1518.28,780.0
352,22842.0,2,1564.9,779.0
353,23132.0,2,1559.18,780.0
354,23480.0,2,1568.35,790.0
355,24002.0,2,1571.92,802.0
356,25307.0,2,1568.3,820.0
357,24640.0,2,1567.64,865.0
358,24582.0,2,1553.66,842.0
359,24466.0,2,1540.23,840.0
360,24582.0,2,1536.72,836.0
361,24408.0,2,1533.53,840.0
362,24205.0,2,1526.51,834.0
363,23915.0,2,1522.81,827.0
364,24002.0,2,1496.46,817.0
365,23915.0,2,1493.42,820.0
366,23857.0,2,1484.45,817.0
367,23828.0,2,1466.62,815.0
368,24002.0,2,1460.73,814.0
369,24582.0,2,1477.14,820.0
370,24756.0,2,1490.88,840.0
371,24959.0,2,1516.02,846.0
372,24872.0,0,1504.79,853.0
373,24872.0,0,1489.06,850.0
374,24872.0,0,1475.72,843.0
375,24872.0,0,1469.16,845.0
376,24872.0,2,1472.24,840.0
377,25017.0,1,1480.26,839.0
378,25452.0,0,1493.29,844.0
379,25452.0,0,1514.34,859.0
380,25452.0,0,1513.74,863.0
381,25452.0,0,1523.86,900.0
382,25452.0,0,1536.12,903.0
383,25452.0,0,1537.67,904.0
384,25452.0,2,1526.77,899.0
385,25508.0,0,1524.87,893.0
386,25508.0,0,1536.54,895.0
387,25508.0,0,1530.49,900.0
388,25508.0,0,1527.75,901.0
389,25508.0,0,1510.21,893.0
390,25508.0,0,1520.74,905.0
391,25508.0,0,1520.15,920.0
392,25508.0,0,1509.14,930.0
393,25508.0,0,1508.25,940.0
394,25508.0,0,1493.76,900.0
395,25508.0,0,1484.47,886.0
396,25508.0,0,1472.15,860.0
397,25508.0,0,1467.68,850.0
398,25508.0,0,1447.04,860.0
399,25508.0,0,1425.51,839.0
400,25508.0,0,1414.78,843.0
401,25508.0,0,1390.58,778.0
402,25508.0,2,1434.8,775.0
403,24836.0,2,1437.24,782.0
404,25380.0,2,1416.61,761.0
405,25284.0,2,1423.83,778.0
406,25764.0,2,1431.8,775.0
407,26084.0,2,1443.8,790.0
408,25764.0,2,1456.07,800.0
409,26020.0,2,1440.29,790.0
410,25572.0,2,1431.1,798.0
411,25188.0,2,1413.71,784.0
412,25252.0,2,1406.52,772.0
413,25124.0,2,1402.67,774.0
414,25060.0,2,1402.09,770.0
415,25284.0,2,1393.04,768.0
416,25284.0,2,1394.73,775.0
417,25156.0,2,1404.53,775.0
418,25092.0,2,1405.95,771.0
419,24804.0,2,1402.23,769.0
420,25124.0,2,1404.49,760.0
421,25156.0,2,1411.52,770.0
422,25060.0,2,1410.51,771.0
423,25092.0,2,1400.05,768.0
424,24804.0,2,1394.03,769.0
425,25124.0,2,1382.02,760.0
426,24772.0,2,1391.03,770.0
427,24868.0,2,1384.71,759.0
428,24836.0,2,1380.29,762.0
429,24996.0,2,1388.94,761.0
430,24644.0,2,1424.95,766.0
431,24644.0,2,1413.9,755.0
432,24484.0,2,1396.72,755.0
433,24708.0,2,1387.08,750.0
434,24612.0,2,1386.98,757.0
435,24324.0,2,1374.73,754.0
436,24740.0,2,1358.95,745.0
437,24420.0,2,1364.81,758.0
438,24132.0,2,1345.99,748.0
439,23780.0,2,1304.43,739.0
440,23684.0,2,1287.74,728.0
441,23844.0,2,1296.44,725.0
442,23492.0,2,1315.13,730.0
443,23460.0,2,1284.09,719.0
444,23652.0,2,1277.01,718.0
445,23780.0,2,1281.9,724.0
446,24004.0,2,1285.96,728.0
447,24036.0,2,1288.36,735.0
448,24036.0,2,1278.96,736.0
449,24004.0,2,1270.52,736.0
450,23780.0,2,1255.47,735.0
451,23524.0,2,1231.07,728.0
452,22884.0,2,1220.44,720.0
453,22916.0,2,1168.55,700.0
454,23108.0,2,1207.71,701.0
455,23012.0,2,1204.81,707.0
456,22980.0,1,1220.29,704.0
457,22916.0,2,1196.24,703.0
458,23108.0,2,1192.96,701.0
459,23364.0,2,1199.0,707.0
460,23524.0,2,1226.45,715.0
461,23844.0,2,1250.39,720.0
462,24004.0,2,1294.65,730.0
463,23940.0,2,1287.78,735.0
464,23780.0,2,1270.23,733.0
465,23940.0,2,1273.33,728.0
466,24100.0,2,1277.55,733.0
467,24004.0,2,1280.15,738.0
468,24484.0,2,1297.57,735.0
469,24484.0,2,1331.18,750.0
470,25828.0,2,1363.08,750.0
471,26084.0,2,1388.31,792.0
472,25604.0,2,1438.49,800.0
473,25444.0,2,1410.85,785.0
474,25604.0,2,1394.86,780.0
475,25124.0,2,1386.47,785.0
476,24804.0,2,1357.22,770.0
477,25252.0,2,1349.01,760.0
478,25284.0,2,1360.38,774.0
479,24996.0,2,1366.15,775.0
480,25060.0,2,1353.64,766.0
481,24964.0,2,1345.37,768.0
482,25028.0,2,1361.02,765.0
483,24772.0,2,1356.15,767.0
484,24868.0,2,1348.45,759.0
485,24868.0,2,1338.17,762.0
486,25124.0,2,1333.85,762.0
487,24996.0,2,1338.01,770.0
488,25028.0,2,1339.65,766.0
489,24964.0,2,1339.19,767.0
490,24804.0,2,1336.13,765.0
491,24964.0,2,1332.82,760.0
492,24804.0,0,1328.27,765.0
493,24804.0,0,1318.22,760.0
494,24804.0,2,1300.41,743.0
495,24804.0,0,1336.39,760.0
496,24804.0,0,1327.21,760.0
497,24804.0,0,1322.27,758.0
498,24804.0,0,1307.66,756.0
499,24804.0,0,1273.95,737.0
500,24804.0,0,1268.84,771.0
501,24804.0,0,1282.75,759.0
502,24804.0,0,1257.07,741.0
503,24804.0,2,1231.64,735.0
504,24672.0,0,1241.19,738.0
505,24672.0,2,1239.26,734.0
506,24804.0,0,1242.07,730.0
507,24804.0,1,1247.3,734.0
508,24804.0,0,1233.23,725.0
509,24804.0,2,1235.15,730.0
510,24540.0,2,1226.18,730.0
511,24804.0,2,1217.84,722.0
512,24672.0,2,1218.46,730.0
513,24639.0,2,1219.81,726.0
514,24507.0,1,1210.09,725.0
515,24639.0,1,1194.8,721.0
516,24573.0,1,1199.42,725.0
517,24474.0,1,1198.54,723.0
518,24441.0,1,1184.53,720.0
519,24375.0,1,1179.71,719.0
520,24540.0,1,1180.36,717.0
521,24738.0,1,1188.4,722.0
522,24804.0,1,1224.41,728.0
523,24738.0,1,1224.39,730.0
524,24606.0,2,1206.43,728.0
525,24639.0,1,1205.93,724.0
526,24606.0,1,1205.64,725.0
527,24672.0,0,1191.98,724.0
528,24672.0,1,1200.09,726.0
529,24672.0,1,1212.36,721.0
530,24672.0,1,1204.31,730.0
531,24672.0,1,1198.77,727.0
532,24672.0,1,1193.39,727.0
533,24672.0,1,1181.66,719.0
534,24672.0,1,1194.5,723.0
535,24672.0,1,1199.27,726.0
536,24672.0,1,1194.35,727.0
537,24672.0,1,1191.2,727.0
538,24672.0,1,1194.82,730.0
539,24672.0,1,1194.38,730.0
540,24672.0,1,1191.47,730.0
541,24672.0,1,1193.87,722.0
542,24672.0,1,1191.31,720.0
543,24672.0,1,1189.88,729.0
544,24672.0,1,1189.67,724.0
545,24672.0,1,1188.21,724.0
546,24672.0,1,1187.32,727.0
547,24672.0,1,1180.63,726.0
548,24672.0,0,1163.94,721.0
549,24672.0,1,1174.37,730.0
550,24672.0,1,1180.98,726.0
551,24672.0,1,1209.71,740.0
552,24672.0,1,1210.32,738.0
553,24672.0,1,1196.29,736.0
554,24672.0,1,1188.07,731.0
555,24672.0,2,1183.89,733.0
556,24738.0,2,1182.42,730.0
557,24804.0,2,1178.5,732.0
558,24672.0,2,1175.72,734.0
559,24573.0,2,1177.09,730.0
560,24804.0,2,1172.3,727.0
561,24738.0,2,1181.69,734.0
562,24672.0,2,1190.28,732.0
563,24771.0,2,1206.26,730.0
564,24936.0,2,1210.24,733.0
565,25662.0,2,1234.13,738.0
566,25365.0,2,1229.77,760.0
567,25266.0,2,1218.98,751.0
568,25431.0,2,1210.88,748.0
569,25662.0,2,1217.65,753.0
570,26619.0,2,1230.71,760.0
571,26520.0,2,1244.84,789.0
572,26553.0,2,1256.53,786.0
573,26619.0,2,1256.4,787.0
574,26784.0,2,1258.81,789.0
575,26421.0,2,1255.07,794.0
576,26388.0,2,1257.68,783.0
577,26322.0,2,1280.05,782.0
578,26157.0,0,1277.74,780.0
579,26157.0,2,1267.18,775.0
580,25926.0,2,1256.71,771.0
581,26289.0,2,1238.67,764.0
582,25893.0,2,1241.36,775.0
583,25860.0,2,1230.6,763.0
584,26025.0,2,1227.37,762.0
585,25794.0,2,1214.36,767.0
586,26355.0,2,1220.52,760.0
587,26289.0,2,1217.93,777.0
588,26553.0,2,1218.33,775.0
589,26685.0,2,1228.28,783.0
590,26454.0,2,1242.43,787.0
591,26652.0,2,1241.63,780.0
592,26619.0,2,1246.52,786.0
593,26487.0,2,1244.54,785.0
594,26784.0,2,1241.84,781.0
595,26454.0,2,1249.93,790.0
596,26388.0,2,1241.11,780.0
597,26124.0,2,1227.49,778.0
598,26223.0,2,1216.93,770.0
599,26454.0,1,1224.36,773.0
600,26289.0,1,1221.46,780.0
601,26553.0,1,1220.98,775.0
602,26619.0,1,1207.28,783.0
603,26520.0,1,1219.2,785.0
604,26619.0,1,1222.53,782.0
605,26619.0,1,1205.79,785.0
606,26553.0,1,1207.57,785.0
607,26520.0,1,1208.89,783.0
608,26289.0,1,1205.02,782.0
609,26487.0,1,1195.45,775.0
610,26157.0,1,1190.2,781.0
611,26355.0,1,1181.75,771.0
612,26548.05,1,1182.74,777.0
613,26289.0,1,1181.24,782.85
614,26179.109999999997,2,1166.63,775.0
615,26256.0,2,1159.82,771.67
616,26388.0,2,1161.49,774.0
617,26355.0,2,1159.08,778.0
618,26124.0,2,1148.36,777.0
619,26223.0,2,1130.89,770.0
620,27114.0,2,1131.73,773.0
621,26091.0,2,1131.73,800.0
622,26256.0,2,1120.84,769.0
623,26256.0,2,1131.7,774.0
624,26223.0,2,1144.19,774.0
625,26289.0,2,1141.1,773.0
626,26223.0,2,1141.18,775.0
627,26322.0,2,1148.78,773.0
628,26322.0,2,1167.67,776.0
629,26586.0,2,1182.78,776.0
630,26619.0,0,1168.17,784.0
631,26619.0,0,1162.7,785.0
632,26619.0,0,1165.97,784.0
633,26619.0,0,1198.18,795.0
634,26619.0,0,1191.74,790.0
635,26619.0,0,1186.03,785.0
636,26619.0,0,1216.27,792.0
637,26619.0,0,1215.16,797.0
638,26619.0,0,1204.54,743.0
639,26619.0,0,1187.28,734.0
640,26619.0,0,1185.91,734.0
641,26619.0,0,1180.43,730.0
642,26619.0,0,1178.87,731.0
643,26619.0,0,1170.79,734.0
644,26619.0,2,1177.46,731.0
645,26511.0,2,1177.07,733.0
646,26583.0,2,1179.36,730.0
647,26511.0,2,1180.84,732.0
648,26871.0,2,1175.05,730.0
649,26727.0,2,1178.03,740.0
650,26295.0,2,1195.54,736.0
651,26619.0,2,1187.97,724.0
652,26691.0,2,1187.77,733.0
653,26367.0,2,1179.17,735.0
654,26475.0,2,1168.06,726.0
655,26511.0,2,1168.83,729.0
656,26511.0,2,1172.98,730.0
657,26475.0,2,1172.78,730.0
658,26439.0,2,1162.09,729.0
659,26511.0,2,1164.89,728.0
660,26511.0,2,1160.99,730.0
661,26475.0,2,1160.59,730.0
662,25935.0,2,1161.63,729.0
663,25719.0,2,1153.06,714.0
664,25863.0,2,1144.27,708.0
665,25791.0,2,1147.1,712.0
666,25683.0,2,1139.72,710.0
667,25539.0,2,1139.57,707.0
668,25611.0,2,1127.53,703.0
669,25431.0,2,1128.86,705.0
670,25359.0,2,1128.19,700.0
671,25251.0,2,1121.08,698.0
672,24963.0,2,1112.87,695.0
673,24567.0,2,1109.72,687.0
674,24999.0,2,1102.51,676.0
675,24999.0,2,1124.96,688.0
676,25035.0,2,1112.23,688.0
677,24639.0,2,1113.07,689.0
678,25071.0,2,1102.32,678.0
679,24747.0,2,1109.73,690.0
680,24855.0,2,1102.56,681.0
681,24891.0,1,1105.53,684.0
682,24711.0,1,1100.58,685.0
683,24711.0,1,1102.64,680.0
684,24855.0,1,1111.76,680.0
685,24783.0,1,1127.77,684.0
686,24639.0,1,1128.65,682.0
687,24819.0,1,1142.93,678.0
688,24711.0,1,1163.26,683.0
689,24891.0,1,1150.1,680.0
690,24819.0,1,1155.46,685.0
691,24819.0,1,1161.45,683.0
692,24459.0,1,1153.98,683.0
693,24603.0,1,1147.15,673.0
694,24639.0,1,1140.6,677.0
695,24495.0,1,1134.8,678.0
696,24711.0,1,1138.67,674.0
697,24711.0,1,1140.72,680.0
698,24891.0,1,1142.61,680.0
699,24963.0,1,1144.53,685.0
700,24675.0,1,1143.59,687.0
701,24927.0,1,1149.99,679.0
702,24855.0,1,1163.82,686.0
703,24891.0,1,1165.84,684.0
704,24891.0,0,1165.2,685.0
705,24891.0,1,1182.36,685.0
706,24891.0,1,1191.68,680.0
707,24891.0,1,1181.1,678.0
708,24891.0,1,1184.61,685.0
709,24891.0,1,1184.02,682.0
710,24891.0,1,1188.71,677.0
711,24891.0,1,1212.05,680.0
712,24891.0,1,1217.04,680.0
713,24891.0,1,1232.26,682.0
714,24891.0,1,1264.2,695.0
715,24891.0,1,1256.94,690.0
716,24891.0,1,1260.68,690.0
717,24891.0,2,1279.29,695.0
718,24751.0,1,1292.12,704.0
719,24996.0,0,1314.51,700.0
720,24996.0,2,1310.31,707.0
721,24926.0,2,1298.6,700.0
722,25101.0,2,1294.39,698.0
723,24996.0,2,1277.68,703.0
724,25136.0,2,1299.41,700.0
725,25136.0,2,1301.28,704.0
726,25136.0,2,1297.6,704.0
727,25031.0,2,1291.96,704.0
728,25451.0,2,1295.03,701.0
729,25591.0,2,1301.34,713.0
730,25731.0,1,1315.45,717.0
731,25801.0,1,1321.0,721.0
732,26011.0,1,1318.71,723.0
733,26221.0,1,1316.84,729.0
734,26011.0,1,1307.71,735.0
735,26046.0,1,1312.14,729.0
736,26396.0,1,1319.63,730.0
737,25906.0,1,1314.55,740.0
738,25976.0,1,1302.61,726.0
739,26011.0,1,1302.96,728.0
740,25976.0,1,1305.49,729.0
741,26081.0,1,1313.88,728.0
742,25591.0,1,1319.47,731.0
743,25521.0,1,1305.68,717.0
744,25346.0,1,1292.84,715.0
745,25451.0,1,1289.28,710.0
746,25171.0,1,1284.59,713.0
747,24996.0,1,1275.81,705.0
748,25101.0,1,1275.98,700.0
749,24996.0,1,1272.49,703.0
750,24786.0,1,1269.56,700.0
751,24821.0,1,1258.27,694.0
752,24646.0,1,1260.9,695.0
753,24786.0,1,1258.67,690.0
754,24961.0,1,1258.47,694.0
755,24996.0,1,1261.07,699.0
756,25101.0,1,1258.29,700.0
757,25066.0,1,1257.16,703.0
758,24926.0,1,1244.89,702.0
759,24786.0,1,1242.04,698.0
760,24996.0,1,1253.06,694.0
761,24926.0,1,1268.68,700.0
762,24891.0,1,1260.47,698.0
763,24751.0,2,1256.05,697.0
764,24786.0,2,1247.35,693.0
765,24506.0,2,1250.27,694.0
766,24401.0,2,1249.15,686.0
767,24471.0,2,1248.53,683.0
768,24646.0,2,1249.49,685.0
769,24751.0,2,1254.57,690.0
770,24856.0,1,1259.02,693.0
771,24751.0,2,1274.86,696.0
772,24926.0,2,1272.5,693.0
773,24961.0,2,1268.75,698.0
774,24891.0,2,1271.23,699.0
775,24961.0,2,1277.17,697.0
776,24821.0,2,1284.07,699.0
777,24681.0,2,1269.92,695.0
778,24751.0,2,1252.81,691.0
779,24821.0,1,1255.99,693.0
780,24926.0,1,1259.38,695.0
781,24786.0,1,1265.58,698.0
782,24821.0,2,1263.84,694.0
783,24681.0,1,1259.64,695.0
784,24681.0,1,1255.1,691.0
785,24716.0,1,1245.73,691.0
786,24541.0,1,1248.49,692.0
787,24611.0,1,1238.56,687.0
788,24611.0,1,1233.72,689.0
789,24471.0,1,1233.85,689.0
790,24506.0,1,1231.07,685.0
791,24261.0,1,1225.9,686.0
792,23806.0,1,1224.04,679.0
793,23946.0,1,1214.84,666.0
794,23771.0,1,1222.07,670.0
795,23911.0,1,1213.64,665.0
796,24086.0,0,1214.06,669.0
797,24086.0,0,1213.07,674.0
798,24086.0,0,1209.62,675.0
799,24086.0,2,1203.13,670.0
800,23911.0,2,1208.01,670.0
801,23981.0,2,1197.75,665.0
802,23841.0,2,1196.42,667.0
803,23666.0,2,1184.79,663.0
804,23561.0,2,1170.34,658.0
805,23491.0,2,1190.91,655.0
806,23421.0,2,1194.77,653.0
807,23001.0,2,1191.07,651.0
808,22756.0,2,1178.46,639.0
809,22684.0,2,1168.92,632.0
810,22648.0,2,1166.67,630.0
811,22540.0,2,1163.21,629.0
812,22468.0,2,1157.89,626.0
813,21820.0,2,1140.02,624.0
814,22576.0,2,1123.84,606.0
815,22792.0,2,1150.74,627.0
816,22216.0,2,1173.43,633.0
817,22504.0,2,1155.3,617.0
818,22612.0,2,1139.26,625.0
819,22396.0,2,1140.99,628.0
820,22576.0,2,1134.57,622.0
821,22576.0,2,1131.53,627.0
822,22648.0,2,1129.81,627.0
823,22180.0,2,1125.15,629.0
824,22576.0,2,1135.57,616.0
825,22936.0,2,1145.69,627.0
826,22936.0,2,1140.71,637.0
827,22900.0,2,1149.4,637.0
828,22648.0,2,1149.01,636.0
829,22828.0,2,1136.96,629.0
830,22432.0,2,1142.05,634.0
831,22324.0,2,1137.04,623.0
832,22324.0,2,1137.75,620.0
833,22180.0,0,1132.4,620.0
834,22180.0,2,1134.8,616.0
835,22600.0,2,1142.6,620.0
836,22810.0,2,1149.34,632.0
837,22635.0,2,1146.17,638.0
838,22425.0,2,1139.29,633.0
839,22320.0,2,1140.26,627.0
840,22075.0,2,1139.46,624.0
841,22005.0,2,1138.02,617.0
842,22285.0,2,1131.97,615.0
843,22110.0,2,1131.8,623.0
844,22180.0,2,1145.57,618.0
845,22250.0,2,1139.96,620.0
846,22180.0,2,1135.16,622.0
847,22320.0,2,1135.95,620.0
848,22320.0,2,1131.36,624.0
849,22390.0,2,1131.13,624.0
850,22285.0,2,1129.99,626.0
851,22320.0,2,1128.34,623.0
852,22215.0,2,1120.6,624.0
853,22460.0,2,1110.08,621.0
854,22250.0,2,1110.08,628.0
855,22670.0,2,1109.17,622.0
856,22635.0,2,1117.46,634.0
857,22845.0,2,1112.79,633.0
858,22775.0,2,1112.86,639.0
859,22530.0,2,1111.99,637.0
860,22775.0,2,1115.75,630.0
861,22950.0,2,1124.47,637.0
862,23930.0,2,1131.92,642.0
863,23755.0,2,1135.38,670.0
864,23265.0,1,1148.89,665.0
865,23440.0,0,1151.37,651.0
866,23440.0,0,1161.48,656.0
867,23440.0,0,1172.65,651.0
868,23440.0,0,1167.87,659.0
869,23440.0,1,1154.12,640.0
870,23440.0,0,1155.38,642.0
871,23440.0,0,1152.07,643.0
872,23440.0,0,1149.65,636.0
873,23440.0,0,1150.82,641.0
874,23440.0,0,1168.58,659.0
875,23440.0,0,1166.22,653.0
876,23440.0,0,1168.04,657.0
877,23440.0,0,1167.42,657.0
878,23440.0,1,1162.43,659.0
879,23440.0,0,1167.96,662.0
880,23440.0,0,1166.04,623.0
881,23440.0,0,1169.5,619.0
882,23440.0,0,1166.22,613.0
883,23440.0,0,1182.31,615.0
884,23440.0,0,1200.7,618.0
885,23440.0,0,1216.93,621.0
886,23440.0,0,1209.6,623.0
887,23440.0,0,1213.12,620.0
888,23440.0,0,1255.72,636.0
889,23440.0,1,1270.87,645.0
890,23440.0,0,1263.38,645.0
891,23440.0,0,1284.23,644.0
892,23440.0,0,1310.23,639.0
893,23440.0,0,1343.66,650.0
894,23440.0,1,1317.12,637.0
895,23440.0,1,1320.47,627.0
896,23440.0,1,1313.42,621.0
897,23440.0,1,1297.48,627.0
898,23440.0,1,1276.68,621.0
899,23440.0,1,1300.63,627.0
900,23440.0,1,1306.15,620.0
901,23440.0,1,1305.88,620.0
902,23440.0,1,1325.39,620.0
903,23440.0,1,1346.65,622.0
904,23440.0,1,1349.14,622.0
905,23440.0,1,1337.05,624.0
906,23440.0,1,1342.36,626.0
907,23440.0,1,1333.69,624.0
908,23440.0,1,1319.99,620.0
909,23440.0,1,1324.27,620.0
910,23440.0,1,1341.38,620.0
911,23440.0,1,1345.98,619.0
912,23440.0,1,1344.59,617.0
913,23440.0,1,1363.98,619.0
914,23440.0,1,1398.24,623.0
915,23440.0,1,1400.01,624.0
916,23440.0,1,1405.26,624.0
917,23440.0,1,1434.58,629.0
918,23440.0,1,1504.14,649.0
919,23440.0,1,1502.18,666.0
920,23440.0,1,1545.2,722.0
921,23440.0,1,1596.13,738.0
922,23440.0,1,1632.18,719.0
923,23440.0,1,1591.36,706.0
924,23440.0,1,1495.3,681.0
925,23440.0,1,1509.68,678.0
926,23440.0,1,1441.2,653.0
927,23440.0,1,1435.7,658.0
928,23440.0,1,1349.32,635.0
929,23440.0,1,1423.09,639.0
930,23440.0,1,1377.18,633.0
931,23440.0,1,1313.04,617.0
932,23440.0,1,1316.4,620.0
933,23440.0,1,1272.07,609.0
934,23440.0,2,1255.8,605.0
935,23934.0,1,1269.31,610.0
936,23250.0,1,1251.46,623.0
937,22566.0,1,1226.16,605.0
938,22946.0,1,1201.58,587.0
939,24542.0,1,1196.35,597.0
940,23972.0,1,1260.76,639.0
941,22718.0,1,1336.53,624.0
942,23060.0,1,1256.11,591.0
943,23820.0,1,1265.46,600.0
944,24276.0,1,1298.73,620.0
945,23896.0,1,1336.67,632.0
946,24580.0,1,1326.54,622.0
947,24428.0,1,1340.29,640.0
948,24580.0,1,1342.41,636.0
949,25074.0,1,1347.45,640.0
950,26062.0,1,1394.77,653.0
951,25112.0,1,1479.03,679.0
952,25302.0,1,1464.94,654.0
953,25074.0,0,1449.95,659.0
954,25074.0,2,1432.45,653.0
955,25644.0,2,1442.62,655.0
956,25644.0,2,1465.11,670.0
957,25568.0,2,1462.48,670.0
958,25150.0,2,1454.89,668.0
959,25036.0,2,1431.53,657.0
960,24884.0,2,1439.06,654.0
961,24960.0,2,1396.28,650.0
962,24922.0,2,1403.87,652.0
963,25264.0,2,1381.38,651.0
964,25454.0,2,1392.68,660.0
965,25492.0,2,1430.42,665.0
966,25454.0,2,1423.81,666.0
967,25378.0,2,1425.32,665.0
968,25454.0,2,1408.79,663.0
969,25454.0,2,1391.46,665.0
970,25264.0,2,1402.22,665.0
971,25416.0,2,1407.9,660.0
972,25340.0,2,1391.3,664.0
973,25378.0,2,1397.57,662.0
974,25378.0,2,1410.34,663.0
975,25454.0,2,1431.61,663.0
976,25530.0,2,1440.94,665.0
977,25416.0,2,1462.04,667.0
978,25644.0,2,1458.04,664.0
979,26366.0,2,1484.99,670.0
980,27620.0,2,1510.57,689.0
981,26974.0,2,1510.42,722.0
982,26784.0,2,1499.98,705.0
983,26746.0,2,1487.81,700.0
984,26632.0,2,1495.16,699.0
985,26898.0,2,1508.21,696.0
986,27240.0,2,1520.69,703.0
987,27354.0,2,1537.25,712.0
988,27050.0,2,1540.51,715.0
989,27012.0,2,1536.04,707.0
990,27240.0,2,1541.4,706.0
991,27278.0,2,1572.19,712.0
992,27202.0,2,1575.18,713.0
993,26860.0,2,1569.06,711.0
994,26974.0,2,1546.16,702.0
995,27050.0,2,1555.53,705.0
996,26898.0,2,1561.27,707.0
997,27126.0,0,1565.56,703.0
998,27126.0,2,1560.83,709.0
999,27088.0,2,1553.62,703.0
1000,27050.0,2,1550.43,702.0
1001,27050.0,2,1571.04,701.0
1002,27126.0,2,1585.76,701.0
1003,27278.0,2,1582.13,703.0
1004,27202.0,2,1586.29,707.0
1005,27202.0,2,1600.98,705.0
1006,27012.0,2,1589.64,705.0
1007,26974.0,2,1576.27,700.0
1008,27012.0,2,1578.01,699.0
1009,26936.0,2,1568.59,700.0
1010,27278.0,2,1561.17,698.0
1011,27012.0,2,1562.46,707.0
1012,27012.0,2,1556.8,700.0
1013,27278.0,2,1570.38,700.0
1014,27354.0,2,1583.61,707.0
1015,27658.0,2,1597.72,709.0
1016,28038.0,2,1606.26,717.0
1017,28418.0,2,1647.46,727.0
1018,28342.0,2,1645.68,737.0
1019,28038.0,2,1640.96,735.0
1020,28950.0,2,1637.63,727.0
1021,29102.0,2,1643.04,751.0
1022,29102.0,2,1640.64,755.0
1023,29482.0,2,1636.17,755.0
1024,30432.0,2,1648.58,765.0
1025,33282.0,0,1652.81,790.0
1026,33282.0,2,1678.79,865.0
1027,34974.0,2,1707.68,907.0
1028,34470.0,2,1718.5,954.0
1029,35370.0,2,1741.81,940.0
1030,35262.0,2,1778.13,965.0
1031,34290.0,2,1782.81,962.0
1032,36414.0,2,1780.43,935.0
1033,39942.0,2,1810.11,994.0
1034,39834.0,2,1874.82,1092.0
1035,39582.0,2,1893.25,1089.0
1036,39186.0,1,1968.27,1082.0
1037,42930.0,2,1997.06,1071.0
1038,47142.0,0,2000.4,1175.0
1039,47142.0,0,2071.03,1292.0
1040,47142.0,0,2055.46,1285.0
1041,47142.0,0,1932.11,1157.0
1042,47142.0,0,2004.39,1219.0
1043,47142.0,0,1995.35,1206.0
1044,47142.0,0,1955.75,1170.0
1045,47142.0,0,1964.02,1180.0
1046,47142.0,0,2010.45,1189.0
1047,47142.0,0,2067.17,1209.0
1048,47142.0,0,2061.42,1180.0
1049,47142.0,0,2055.22,1171.0
1050,47142.0,0,2032.52,1150.0
1051,47142.0,0,1935.64,1050.0
1052,47142.0,0,1965.96,1087.0
1053,47142.0,0,2061.42,1169.0
1054,47142.0,1,2068.46,1150.0
1055,47142.0,0,2038.63,1111.0
1056,47142.0,0,1998.65,1083.0
1057,47142.0,0,2007.3,1083.0
1058,47142.0,0,2012.89,1110.0
1059,47142.0,0,2062.06,1182.0
1060,47142.0,0,2087.28,1208.0
1061,47142.0,0,2175.4,1302.0
1062,47142.0,0,2169.04,1291.0
1063,47142.0,0,2165.5,1275.0
1064,47142.0,0,2178.57,1288.0
1065,47142.0,0,2194.49,1268.0
1066,47142.0,0,2235.73,1255.0
1067,47142.0,0,2239.43,1238.0
1068,47142.0,0,2267.74,1253.0
1069,47142.0,0,2286.55,1263.0
1070,47142.0,0,2315.01,1359.0
1071,47142.0,0,2332.32,1354.0
1072,47142.0,2,2326.9,1340.0
1073,47422.0,2,2342.77,1332.0
1074,49312.0,2,2374.64,1340.0
1075,48997.0,2,2424.84,1394.0
1076,48122.0,2,2440.88,1385.0
1077,48507.0,2,2423.09,1360.0
1078,47702.0,2,2441.85,1371.0
1079,47457.0,2,2425.3,1348.0
1080,47737.0,2,2370.55,1341.0
1081,51132.0,2,2408.24,1349.0
1082,51237.0,2,2473.74,1446.0
1083,51272.0,2,2466.92,1449.0
1084,51307.0,2,2475.27,1450.0
1085,50817.0,2,2524.0,1451.0
1086,49872.0,2,2561.48,1437.0
1087,50082.0,2,2534.37,1410.0
1088,49872.0,2,2543.03,1416.0
1089,47737.0,0,2526.92,1410.0
1090,47737.0,2,2493.59,1349.0
1091,47597.0,2,2586.01,1358.0
1092,46792.0,2,2601.51,1354.0
1093,47632.0,2,2611.45,1331.0
1094,47527.0,2,2636.68,1355.0
1095,47282.0,2,2640.35,1352.0
1096,47317.0,2,2607.67,1345.0
1097,47527.0,2,2586.51,1346.0
1098,46722.0,2,2599.08,1352.0
1099,46722.0,2,2554.14,1329.0
